"movieCode","title","subtitle","score","genre","country","runningTime","pubDate","plot","filmRating","director","actors","poster","stillCuts"
"10249","모던 타임즈","Modern Times , 1936","9.44점","코미디|","미국|","87분","2015.03.19재개봉,1993.08.14재개봉,1989.12.09개봉","공장에서 하루 종일 나사못 조이는 일을 하는 찰리. 눈에 보이는 모든 것을 조여버리는 강박 관념에 빠지고만 그는 급기야 정신 병원에 가게 되고, 거리를 방황하다 시위 군중에 휩쓸려 감옥살이까지 하게 된다. 몇 년 후 감옥에서 풀려난 찰리는 부모를 잃고 고아가 된 한 아름다운 소녀를 도와주게 되고, 그녀의 도움으로 카페에서 일하게 되지만 우여곡절 끝에 다시 거리로 내몰리고 만다. 절망 속에서 피어나는 함박웃음! 찰리와 소녀의 행복을 찾아가는 아름다운 여정!","전체 관람가","찰리 채플린","찰리 채플린|파울레트 고다드|헨리 버그맨|타이니 샌포드|체스터 콘클린|행크 만|스탠리 브리스톤|알랜 가르시아|리처드 알렉산더|미라 맥키니|머독 맥쿼리|윌프레드 루카스|프레드 말라테스타|새미 스타인|주아나 슈튼|테드 올리버|노먼 에인슬리|보비 바버|하인니 콘클린|글로리아 드헤븐|프랭크 해그니|척 해밀턴|로이드 잉그래엄|월터 제임스|잭 로우|프랭크 모란|제임스 C. 모턴|루이스 나데오|존 랜드|해리 윌슨|","https://movie-phinf.pstatic.net/20150210_110/1423530446210OeFV1_JPEG/movie_image.jpg?type=m77_110_2","https://movie-phinf.pstatic.net/20111222_137/1324502837093gRiil_JPEG/movie_image.jpg?type=m665_443_2|https://movie-phinf.pstatic.net/20111222_293/1324502837736XMluN_JPEG/movie_image.jpg?type=m665_443_2|https://movie-phinf.pstatic.net/20111222_283/1324502838349qUvDn_JPEG/movie_image.jpg?type=m665_443_2|https://movie-phinf.pstatic.net/20111222_106/13245028420361mJRH_JPEG/movie_image.jpg?type=m665_443_2|https://movie-phinf.pstatic.net/20111222_173/13245028426580lf8n_JPEG/movie_image.jpg?type=m665_443_2|https://movie-phinf.pstatic.net/20111222_107/1324502843314XDXqj_JPEG/movie_image.jpg?type=m665_443_2|https://movie-phinf.pstatic.net/20111222_74/1324502843981Fn9fR_JPEG/movie_image.jpg?type=m665_443_2|https://movie-phinf.pstatic.net/20111222_250/1324502844508PXuCT_JPEG/movie_image.jpg?type=m665_443_2|"
"16531","인생","活着 , Lifetimes , 1994","9.43점","드라마|","중국|대만|","132분","1995.05.27개봉","1940년대 중국, 부유한 지주집 아들인 부귀(갈우 분)는 아름다운 아내(공리 분)까지 둔 부러울것 없는 사람이었다. 그런 그가 도박에 빠져 전재산을 잃게 되자 아내는 자식을 데리고 친정으로 가버리고, 아버지는 충격으로 숨을거둔다. 일순간에 생의 밑바닥으로 추락한 그는 아내가 돌아오자 자신의 재산을 뺏아은 사람에게서 그림자극 도구를 얻어와 그림자극을 하며 생계를 유지하게 된다. 그렇게 행복을 조금씩 배워가는 그에게 역사는 그를 역사의 소용돌이 속으로 밀어넣는다. 혁명이 일어나고, 국공내전이 발발하자 그는 이유도 모르고 무슨 전쟁인지도 모른체 전쟁에 끌려간다. 민중들에게는 아무 의미없는 전쟁에서 부귀는 생존의 방법으로 그림자극을 선택한다. 내전이 끝나고 집으로 돌아오자 아들이 교통사고로 죽고 후에 딸은 아이를 낳다가 죽는다.","15세 관람가","장이머우","공리|갈우|강무|곽도|","https://movie-phinf.pstatic.net/20200625_188/1593063628854tOWl9_JPEG/movie_image.jpg?type=m77_110_2","https://movie-phinf.pstatic.net/20200625_188/1593063628854tOWl9_JPEG/movie_image.jpg?type=m665_443_2|https://movie-phinf.pstatic.net/20111221_92/13244550096878VBm9_JPEG/movie_image.jpg?type=m665_443_2|https://movie-phinf.pstatic.net/20111221_164/1324455010472J5pky_JPEG/movie_image.jpg?type=m665_443_2|"
"196051","극장판 귀멸의 칼날: 무한열차편","劇場版「鬼滅の刃」無限列車編 , Demon Slayer: Kimetsu no Yaiba the Movie - Mugen Train , 2020","9.62점","애니메이션|","일본|","117분","2021.01.27개봉","혈귀로 변해버린 여동생 ‘네즈코’를 인간으로 되돌릴 단서를 찾아 비밀조직 귀살대에 들어간 ‘탄지로.’ ‘젠이츠’, ‘이노스케’와 새로운 임무 수행을 위해 무한열차에 탑승 후 귀살대 최강 검사 염주 ‘렌고쿠’와 합류한다. 달리는 무한열차에서 승객들이 하나 둘 흔적 없이 사라지자 숨어있는 식인 혈귀의 존재를 직감하는 ‘렌고쿠’. 귀살대 ‘탄지로’ 일행과 최강 검사 염주 ‘렌고쿠’는 어둠 속을 달리는 무한열차에서 모두의 목숨을 구하기 위해 예측불가능한 능력을 가진 혈귀와 목숨을 건 혈전을 시작하는데…","15세 관람가","소토자키 하루오","하나에 나츠키|키토 아카리|시모노 히로|마츠오카 요시츠구|히노 사토시|히라카와 다이스케|","https://movie-phinf.pstatic.net/20210126_174/1611638248803840HH_JPEG/movie_image.jpg?type=m77_110_2","https://movie-phinf.pstatic.net/20201116_237/1605501288894moby3_JPEG/movie_image.jpg?type=m665_443_2|https://movie-phinf.pstatic.net/20201116_97/160550128901319t0w_JPEG/movie_image.jpg?type=m665_443_2|https://movie-phinf.pstatic.net/20201116_227/1605501289222qr3KR_JPEG/movie_image.jpg?type=m665_443_2|https://movie-phinf.pstatic.net/20201116_78/1605501289698ahA3f_JPEG/movie_image.jpg?type=m665_443_2|https://movie-phinf.pstatic.net/20201116_159/1605501289852sMn8k_JPEG/movie_image.jpg?type=m665_443_2|https://movie-phinf.pstatic.net/20201116_244/16055012899547GgGp_JPEG/movie_image.jpg?type=m665_443_2|https://movie-phinf.pstatic.net/20210203_156/1612336846173tCyQG_JPEG/movie_image.jpg?type=m665_443_2|https://movie-phinf.pstatic.net/20210120_106/16111088031927UsmM_JPEG/movie_image.jpg?type=m665_443_2|"
"10341","위대한 독재자","The Great Dictator , 1940","9.33점","코미디|","미국|","126분","2015.04.16재개봉,2002.11.01재개봉,1988개봉","세계대전에서 패배한 토매니아국에 힌켈이라는 독재자가 나타나 악명을 떨친다. 한편, 힌켈과 닮은꼴 외모의 이발사 찰리는 국가의 유태인 탄압정책으로 인해 곤경에 처하지만 병사로 참전했던 전쟁에서 우연히 구해줬던 슐츠 장교의 도움을 받아 위기를 모면한다. 독재자 힌켈의 악행은 갈수록 도를 더해가고, 찰리는 유태인 수용소에 끌려가게 되지만 기지를 부려 탈옥에 성공한다. 하지만 이발사와 똑같은 얼굴을 한 힌켈이 탈옥범으로 오해 받아 감옥에 잡혀 들어가게 되는데…","전체 관람가","찰리 채플린","찰리 채플린|파울레트 고다드|잭 오키|레지날드 가디너|헨리 다니엘|빌리 길버트|그레이스 헤일리|카터 드 해븐|모리스 모스코비치|엠마 던|폴 웨이겔|체스터 콘클린|행크 만|에디 그리븐|루돌프 앤더스|에디 던|","https://movie-phinf.pstatic.net/20150330_89/1427701328897Bu28M_JPEG/movie_image.jpg?type=m77_110_2","https://movie-phinf.pstatic.net/20111222_124/1324489222516eOlY5_JPEG/movie_image.jpg?type=m665_443_2|https://movie-phinf.pstatic.net/20111222_212/1324489223106lWtCH_JPEG/movie_image.jpg?type=m665_443_2|https://movie-phinf.pstatic.net/20111222_31/1324489223702QQVTI_JPEG/movie_image.jpg?type=m665_443_2|https://movie-phinf.pstatic.net/20111222_107/1324489224319rDF7T_JPEG/movie_image.jpg?type=m665_443_2|https://movie-phinf.pstatic.net/20140613_148/1402637047163CuM6A_JPEG/movie_image.jpg?type=m665_443_2|https://movie-phinf.pstatic.net/20140613_143/1402637047407RaXKr_JPEG/movie_image.jpg?type=m665_443_2|https://movie-phinf.pstatic.net/20140613_172/1402637047576sd1rS_JPEG/movie_image.jpg?type=m665_443_2|https://movie-phinf.pstatic.net/20140613_88/1402637047991WERpd_JPEG/movie_image.jpg?type=m665_443_2|"
"187322","크루엘라","Cruella , 2021","9.31점","드라마|범죄|코미디|","미국|","133분","2021.05.26개봉","처음부터 난 알았어. 내가 특별하단 걸 그게 불편한 인간들도 있겠지만 모두의 비위를 맞출 수는 없잖아? 그러다 보니 결국, 학교를 계속 다닐 수가 없었지 우여곡절 런던에 오게 된 나, 에스텔라는 재스퍼와 호레이스를 운명처럼 만났고 나의 뛰어난 패션 감각을 이용해 완벽한 변장과 빠른 손놀림으로 런던 거리를 싹쓸이 했어 도둑질이 지겹게 느껴질 때쯤, 꿈에 그리던 리버티 백화점에 낙하산(?)으로 들어가게 됐어 거리를 떠돌았지만 패션을 향한 나의 열정만큼은 언제나 진심이었거든 근데 이게 뭐야, 옷에는 손도 못 대보고 하루 종일 바닥 청소라니 인내심에 한계를 느끼고 있을 때, 런던 패션계를 꽉 쥐고 있는 남작 부인이 나타났어 천재는 천재를 알아보는 법! 난 남작 부인의 브랜드 디자이너로 들어가게 되었지 꿈을 이룰 것 같았던 순간도 잠시, 세상에 남작 부인이 ‘그런 사람’이었을 줄이야… 그래서 난 내가 누군지 보여주기로 했어 잘가, 에스텔라 난 이제 크루엘라야!","12세 관람가","크레이그 질레스피","엠마 스톤|엠마 톰슨|마크 스트롱|폴 월터 하우저|에밀리 비샴|조엘 프라이|커비 하월 바티스트|제이미 드메트리우|","https://movie-phinf.pstatic.net/20210512_139/1620799657168vGIqq_JPEG/movie_image.jpg?type=m77_110_2","https://movie-phinf.pstatic.net/20210429_77/1619673476007Fne6G_JPEG/movie_image.jpg?type=m665_443_2|https://movie-phinf.pstatic.net/20210429_262/16196735046548zAeF_JPEG/movie_image.jpg?type=m665_443_2|https://movie-phinf.pstatic.net/20210429_132/1619673522667Eof4T_JPEG/movie_image.jpg?type=m665_443_2|https://movie-phinf.pstatic.net/20210429_159/1619673546261ihAom_JPEG/movie_image.jpg?type=m665_443_2|https://movie-phinf.pstatic.net/20210507_169/1620349623380LBMRP_JPEG/movie_image.jpg?type=m665_443_2|https://movie-phinf.pstatic.net/20210507_15/16203496427396a8a8_JPEG/movie_image.jpg?type=m665_443_2|https://movie-phinf.pstatic.net/20210507_266/1620349665684cB9xl_JPEG/movie_image.jpg?type=m665_443_2|https://movie-phinf.pstatic.net/20210507_95/1620349679144hWneq_JPEG/movie_image.jpg?type=m665_443_2|"
"19335","해피 투게더","春光乍洩 , Happy Together , 1997","9.38점","드라마|","홍콩|","97분","2021.02.04재개봉,2009.03.27재개봉,1998.08.22개봉","홍콩을 떠나 지구 반대편 부에노스아이레스에 온 ‘보영’과 ‘아휘’ 이과수 폭포를 찾아가던 중 두 사람은 사소한 다툼 끝에 이별하고 각자의 길을 떠난다. 얼마 후 상처투성이로 ‘아휘’의 앞에 다시 나타난 ‘보영’은 무작정 “다시 시작하자”고 말한다. 서로를 위로하며 점차 행복한 시간을 보내는 두 사람. 하지만 ‘보영’의 변심이 두려운 ‘아휘’와 ‘아휘’의 구속이 견디기 힘든 ‘보영’은 또다시 서로의 마음에 상처 내는 말을 내뱉은 뒤 헤어지는데...","15세 관람가","왕가위","장국영|양조위|장첸|관숙의|","https://movie-phinf.pstatic.net/20210111_41/1610333478672K6ihS_JPEG/movie_image.jpg?type=m77_110_2","https://movie-phinf.pstatic.net/20210118_138/1610944383575jHGHm_JPEG/movie_image.jpg?type=m665_443_2|https://ssl.pstatic.net/static/movie/2012/06/adult_img665x443.png|https://movie-phinf.pstatic.net/20210118_241/1610944383854Vi8SR_JPEG/movie_image.jpg?type=m665_443_2|https://movie-phinf.pstatic.net/20210118_18/1610944384239Fj5AS_JPEG/movie_image.jpg?type=m665_443_2|https://movie-phinf.pstatic.net/20210118_63/1610944384610O3grn_JPEG/movie_image.jpg?type=m665_443_2|https://movie-phinf.pstatic.net/20210118_264/1610944384876xe7UM_JPEG/movie_image.jpg?type=m665_443_2|https://movie-phinf.pstatic.net/20210118_252/1610944385212BwkrB_JPEG/movie_image.jpg?type=m665_443_2|https://ssl.pstatic.net/static/movie/2012/06/adult_img665x443.png|"
"173692","바울","Paul, Apostle Of Christ , 2018","9.49점","드라마|","미국|","107분","2018.10.31개봉","그리스도가 부활한 지 약 30년 후인 AD 67년, 로마제국의 황제 ‘네로’는 자신의 광기로 일어난 대화재의 원인으로 신흥종교인 기독교에 책임을 돌린다. 짐승들의 먹이가 되거나 불태워지며 극심한 박해를 받는 크리스천들. 그리고 그들의 리더인 ‘바울’은 ‘네로’의 명령에 의해 감옥에 갇혀 사형될 날만을 기다리고 있다. 이러한 상황 속에서 바울의 동역자인 ‘누가’는 죽음의 문턱, 두려움 속에 점점 희망을 잃어가는 크리스천들에게 ‘바울’의 일생과 그가 얻은 지혜를 사도행전으로 기록하여 전하고자 깊은 감옥 속으로 숨어드는데….","15세 관람가","앤드류 하얏트","제임스 폴크너|제임스 카비젤|올리비에 마르티네즈|존 린치|조앤 웨일리|안토니아 캠벨-휴즈|요르고스 카라미호스|마누엘 코우치|노아 헌틀리|앤드레 아기어스|","https://movie-phinf.pstatic.net/20181126_296/1543195305541TXc6u_JPEG/movie_image.jpg?type=m77_110_2","https://movie-phinf.pstatic.net/20180912_227/1536717502243NgVWS_JPEG/movie_image.jpg?type=m665_443_2|https://movie-phinf.pstatic.net/20180912_10/1536717502476dfmQv_JPEG/movie_image.jpg?type=m665_443_2|https://movie-phinf.pstatic.net/20180912_261/1536717502559K0OEm_JPEG/movie_image.jpg?type=m665_443_2|https://movie-phinf.pstatic.net/20180912_171/1536717502646G80j4_JPEG/movie_image.jpg?type=m665_443_2|https://movie-phinf.pstatic.net/20180912_169/1536717502810SWl9P_JPEG/movie_image.jpg?type=m665_443_2|https://movie-phinf.pstatic.net/20180912_183/15367175029686AT2S_JPEG/movie_image.jpg?type=m665_443_2|https://movie-phinf.pstatic.net/20180912_100/153671750311097YKl_JPEG/movie_image.jpg?type=m665_443_2|https://movie-phinf.pstatic.net/20180912_292/1536717503225oYuny_JPEG/movie_image.jpg?type=m665_443_2|"
"190324","프리 가이","Free Guy , 2021","8.69점","액션|모험|","미국|","115분","2021.08.11개봉","평범한 직장, 절친 그리고 한 잔의 커피. 평화로운 일상 속 때론 총격전과 날강도가 나타나는 버라이어티한 ‘프리 시티’에 살고 있는 ‘가이’. 그에겐 뭐 하나 부족한 것이 없었다. 우연히 마주친 그녀에게 한눈에 반하기 전까지는… 갖은 노력 끝에 다시 만난 그녀는 ‘가이’가 비디오 게임 ‘프리 시티’에 사는 배경 캐릭터이고, 이 세상은 곧 파괴될 거라 경고한다. 혼란에 빠진 ‘가이’ 그러나 그는 ‘프리 시티’의 파괴를 막기 위해 더 이상 배경 캐릭터가 아닌, 히어로가 되기로 결심한다. 시원하게 터지는 상상초월 엔터테이닝 액션 블록버스터! 인생의 판을 바꿀 짜릿한 반란이 시작된다!","12세 관람가","숀 레비","라이언 레이놀즈|조디 코머|타이카 와이티티|조 키어리|릴렐 호워리|우카쉬 엠부드카|맷티 카다로플|브리트니 올드포드|","https://movie-phinf.pstatic.net/20210721_243/1626844891093xnPK1_JPEG/movie_image.jpg?type=m77_110_2","https://movie-phinf.pstatic.net/20210714_60/1626226060240h0Jgl_JPEG/movie_image.jpg?type=m665_443_2|https://movie-phinf.pstatic.net/20210714_68/1626226095468G2RHd_JPEG/movie_image.jpg?type=m665_443_2|https://movie-phinf.pstatic.net/20210714_139/1626226115042zgTyR_JPEG/movie_image.jpg?type=m665_443_2|https://movie-phinf.pstatic.net/20210714_49/1626226140461aJX7i_JPEG/movie_image.jpg?type=m665_443_2|https://movie-phinf.pstatic.net/20210714_163/1626226163202RWkkz_JPEG/movie_image.jpg?type=m665_443_2|https://movie-phinf.pstatic.net/20210714_84/16262261813610vge0_JPEG/movie_image.jpg?type=m665_443_2|https://movie-phinf.pstatic.net/20210726_152/1627261569155pl4pu_JPEG/movie_image.jpg?type=m665_443_2|https://movie-phinf.pstatic.net/20210802_264/16278799021178XfCU_JPEG/movie_image.jpg?type=m665_443_2|"
"191597","보스 베이비 2","The Boss Baby: Family Business , 2021","9.44점","애니메이션|코미디|모험|","미국|","107분","2021.07.21개봉","베이비 주식회사의 레전드 보스 베이비에서 인생 만렙 CEO가 된 ‘테드’. 베이비인 줄 알았던 조카 ‘티나’가 알고 보니 베이비 주식회사 소속 임원으로 밝혀진다. 뉴 보스 베이비 ‘티나’의 지시로 다시 베이비로 돌아간 ‘테드’와 형 ‘팀’에게 주어진 시간은 48시간! 세상을 구하기 위한 미션을 무사히 완수할 수 있을 것인가?","전체 관람가","톰 맥그라스","알렉 볼드윈|제임스 마스던|에이미 세다리스|에바 롱고리아|제프 골드브럼|지미 키멜|리사 쿠드로|아리나 그린블랫|제임스 맥그레이스|","https://movie-phinf.pstatic.net/20210622_174/1624324910624JhEq2_JPEG/movie_image.jpg?type=m77_110_2","https://movie-phinf.pstatic.net/20210629_37/1624929527577vl6bb_JPEG/movie_image.jpg?type=m665_443_2|https://movie-phinf.pstatic.net/20210629_269/1624929554005edu25_JPEG/movie_image.jpg?type=m665_443_2|https://movie-phinf.pstatic.net/20210629_122/16249295753626keKT_JPEG/movie_image.jpg?type=m665_443_2|https://movie-phinf.pstatic.net/20210629_276/162492960224558buN_JPEG/movie_image.jpg?type=m665_443_2|https://movie-phinf.pstatic.net/20210629_80/1624929622072gOEPs_JPEG/movie_image.jpg?type=m665_443_2|https://movie-phinf.pstatic.net/20210629_117/1624929637303hnFBC_JPEG/movie_image.jpg?type=m665_443_2|https://movie-phinf.pstatic.net/20210629_94/1624929681794R2WO0_JPEG/movie_image.jpg?type=m665_443_2|https://movie-phinf.pstatic.net/20210629_264/1624929694734aHfGO_JPEG/movie_image.jpg?type=m665_443_2|"
"200896","꽃다발 같은 사랑을 했다","花束みたいな?をした , We Made a Beautiful Bouquet , 2021","8.68점","멜로/로맨스|","일본|","123분","2021.07.14개봉","“시작은 막차였다” 집으로 가는 막차를 놓친 스물한 살 대학생 ’무기’와 ‘키누’는 첫차를 기다리며 함께 시간을 보내게 된다. 좋아하는 책부터 영화, 신고 있는 신발까지 모든 게 꼭 닮은 두 사람은 수줍은 고백과 함께 연애를 시작하고 매일매일 행복한 시간을 쌓아간다. “내 인생의 목표는 너와의 현상 유지야!” 하지만 대학 졸업과 함께 취업 준비에 나선 두 사람은 점점 서로에게 소원해지고 꿈과 현실 사이의 거리 만큼 마음의 거리도 멀어지기 시작하는데...","12세 관람가","도이 노부히로","아리무라 카스미|스다 마사키|키요하라 카야|호소다 카나타|칸 하나에|나카자키 하야|타키우치 쿠미|모리 유사쿠|","https://movie-phinf.pstatic.net/20210615_3/1623748505590DVbIq_JPEG/movie_image.jpg?type=m77_110_2","https://movie-phinf.pstatic.net/20210601_254/1622513647905sKS29_JPEG/movie_image.jpg?type=m665_443_2|https://movie-phinf.pstatic.net/20210601_8/1622513683470gNwHJ_JPEG/movie_image.jpg?type=m665_443_2|https://movie-phinf.pstatic.net/20210601_89/162251370222443ykq_JPEG/movie_image.jpg?type=m665_443_2|https://movie-phinf.pstatic.net/20210601_174/1622513720705KWnW0_JPEG/movie_image.jpg?type=m665_443_2|https://movie-phinf.pstatic.net/20210601_145/16225137423854BlAD_JPEG/movie_image.jpg?type=m665_443_2|https://movie-phinf.pstatic.net/20210601_160/1622513763561Wcj0x_JPEG/movie_image.jpg?type=m665_443_2|https://movie-phinf.pstatic.net/20210601_117/16225137831222OPxK_JPEG/movie_image.jpg?type=m665_443_2|https://movie-phinf.pstatic.net/20210601_41/1622513804377RlsVg_JPEG/movie_image.jpg?type=m665_443_2|"
"30796","번지 점프를 하다","Bungee Jumping Of Their Own , 2000","8.45점","멜로/로맨스|","한국|","101분","2017.11.02재개봉,2001.02.03개봉","1983년 여름. 첫 눈에 반하는 일 따위는 믿지 않는 국문학과 82학번 서인우(이병헌 분)는 적극적이고 사랑스런 여자 82학번 인태희(이은주 분)를 만난다. 자신의 우산 속에 당돌하게 뛰어들어온 여자 인태희. 비에 젖은 검은 머리, 아름다운 얼굴, 그리고 당돌한 말투까지 인우의 마음은 온통 그녀로 가득 차 버린다. 그녀의 존재로 가슴 설레여하고, 그 사람의 손이 닿은 물건이면 무엇이든 소중하게 간직하며 사랑은 무르익어 간다. 험한 소리 퍼부으며 다시는 안 볼 것 같이 뒤돌아 가다가도 금세 혀가 말릴 정도로 그리움에 애를 태우는 그들에게 군입대라는 짧은 이별의 순간이 왔다. 그러나, 서로에게 짧은 이별이라 위로했던 그 순간은 영원으로 이어지는데... 2000년 봄. 사랑의 기억만을 간직한 채 새로운 삶을 살고 있는 인우. 이제 그는 어엿한 가장이고 고등학교 국어교사다. 그러나 아직도 태희를 잊지 못하는 그의 정수리 위로 다시 한 번 쏟아지는 감정의 소낙비. 17년전, 소나기가 쏟아지던 그 여름 자신의 우산 속에 갑작스레 뛰어들었던 태희처럼, 다시 그의 인생을 송두리째 흔드는 사람. 그녀처럼 새끼손가락을 펼치는 버릇이 있고, 그녀의 얼굴이 새겨진 라이터를 가지고 있고, 그녀가 했던 이야기를 그대로 하는 그 사람에게서 인우는 다시 사랑을 느끼기 시작하는데. {“몇번을 죽고 다시 태어난대도, 결국 진정한 사랑은 단 한 번 뿐이라고 합니다. 대부분의 사람은, 한 사람만을 사랑할 수 있는 심장을 지녔기 때문이라죠. 인생의 절벽 아래로 뛰어내린대도, 그 아래는, 끝이 아닐 거라고, 당신이 말했었습니다. 다시 만나 사랑하겠습니다... 사랑하기 때문에 사랑하는 것이 아니라 사랑할 수 밖에 없기 때문에 당신을 사랑을 사랑합니다...” - 2001년, 서인우}","15세 관람가","김대승","이병헌|이은주|여현수|홍수현|전미선|김정학|이지용|장석원|남궁민|방진의|김원|김민재|이수용|유대욱|임재근|김대훈|","https://movie-phinf.pstatic.net/20111222_138/1324545567577v2JLW_JPEG/movie_image.jpg?type=m77_110_2","https://movie-phinf.pstatic.net/20111222_142/13245455707801pcr1_JPEG/movie_image.jpg?type=m665_443_2|https://movie-phinf.pstatic.net/20111222_88/1324545568286VXDGg_JPEG/movie_image.jpg?type=m665_443_2|https://movie-phinf.pstatic.net/20111222_94/1324545568909kaTcU_JPEG/movie_image.jpg?type=m665_443_2|https://movie-phinf.pstatic.net/20111222_46/13245455694440aQkM_JPEG/movie_image.jpg?type=m665_443_2|https://movie-phinf.pstatic.net/20111222_10/13245455700814QPbe_JPEG/movie_image.jpg?type=m665_443_2|https://movie-phinf.pstatic.net/20111222_36/1324545563159pSNum_JPEG/movie_image.jpg?type=m665_443_2|https://movie-phinf.pstatic.net/20111222_254/1324545563796kjAU1_JPEG/movie_image.jpg?type=m665_443_2|https://movie-phinf.pstatic.net/20111222_44/1324545564456rxcLI_JPEG/movie_image.jpg?type=m665_443_2|"
"182387","윤희에게","Moonlit Winter , 2019","9.23점","멜로/로맨스|","한국|","105분","2019.11.14개봉","평범한 일상을 살아가던 '윤희' 앞으로 도착한 한 통의 편지. 편지를 몰래 읽어본 딸 '새봄'은 편지의 내용을 숨긴 채 발신인이 살고 있는 곳으로 여행을 제안하고, '윤희'는 비밀스러웠던 첫사랑의 기억으로 가슴이 뛴다. '새봄'과 함께 여행을 떠난 ‘윤희’는 끝없이 눈이 내리는 그곳에서 첫사랑을 만날지도 모른다는 기대를 품는데…","12세 관람가","임대형","김희애|김소혜|성유빈|나카무라 유코|키노 하나|타키우치 쿠미|야쿠마루 쇼|김학선|한송희|","https://movie-phinf.pstatic.net/20191203_217/1575347950420leqmB_JPEG/movie_image.jpg?type=m77_110_2","https://movie-phinf.pstatic.net/20190312_37/1552350933603fLpeM_JPEG/movie_image.jpg?type=m665_443_2|https://movie-phinf.pstatic.net/20190312_72/1552350934423Rhn1F_JPEG/movie_image.jpg?type=m665_443_2|https://movie-phinf.pstatic.net/20190312_94/15523509348702RbUh_JPEG/movie_image.jpg?type=m665_443_2|https://movie-phinf.pstatic.net/20190927_153/1569546049100aqVcu_JPEG/movie_image.jpg?type=m665_443_2|https://movie-phinf.pstatic.net/20190924_119/1569285803427VDTie_JPEG/movie_image.jpg?type=m665_443_2|https://movie-phinf.pstatic.net/20191002_255/15699824726563tBtL_JPEG/movie_image.jpg?type=m665_443_2|https://movie-phinf.pstatic.net/20191002_287/15699824730228v7dg_JPEG/movie_image.jpg?type=m665_443_2|https://movie-phinf.pstatic.net/20191002_282/1569982473553vFXw6_JPEG/movie_image.jpg?type=m665_443_2|"
"189623","남매의 여름밤","Moving On , 2019","9.02점","드라마|","한국|","104분","2020.08.20개봉","방학 동안, 아빠와 함께 할아버지 집에서 지내게 된 남매 옥주와 동주, 그렇게 오래된 2층 양옥집에서의 여름이 시작되고 한동안 못 만났던 고모까지 합세하면서 기억에 남을 온 가족의 이야기가 펼쳐진다. 제24회 토론토릴아시안국제영화제 오슬러 최우수 장편 영화상 (2020) 제17회 홍콩아시안영화제 뉴탤런트상 (2020) 제38회 이탈리아토리노영화제 최고 작품상 (2020)","전체 관람가","윤단비","최정운|양흥주|박현영|박승준|김상동|","https://movie-phinf.pstatic.net/20200721_100/1595307510654a6eNC_JPEG/movie_image.jpg?type=m77_110_2","https://movie-phinf.pstatic.net/20200728_170/1595897477314mws1j_JPEG/movie_image.jpg?type=m665_443_2|https://movie-phinf.pstatic.net/20200728_160/1595897477430UQLeG_JPEG/movie_image.jpg?type=m665_443_2|https://movie-phinf.pstatic.net/20200728_212/15958974775533OJNt_JPEG/movie_image.jpg?type=m665_443_2|https://movie-phinf.pstatic.net/20190927_73/1569570262906btfUm_JPEG/movie_image.jpg?type=m665_443_2|https://movie-phinf.pstatic.net/20200728_275/1595897477695dXby7_JPEG/movie_image.jpg?type=m665_443_2|https://movie-phinf.pstatic.net/20200728_159/1595897477801f6QUr_JPEG/movie_image.jpg?type=m665_443_2|https://movie-phinf.pstatic.net/20190927_212/1569570261907SadY5_JPEG/movie_image.jpg?type=m665_443_2|https://movie-phinf.pstatic.net/20190927_45/1569570262431OtXDf_JPEG/movie_image.jpg?type=m665_443_2|"
"91031","신세계","New World , 2012","9.50점","범죄|드라마|","한국|","134분","2020.05.21재개봉,2013.02.21개봉","""너, 나하고 일 하나 같이 하자"" 경찰청 수사 기획과 강과장(최민식)은 국내 최대 범죄 조직인 '골드문'이 기업형 조직으로 그 세력이 점점 확장되자 신입경찰 이자성(이정재)에게 잠입 수사를 명한다. 그리고 8년, 자성은 골드문의 2인자이자 그룹 실세인 정청(황정민)의 오른팔이 되기에 이른다. ""우리 브라더는 그냥 딱, 이 형님만 믿으면 돼야!"" 골드문 회장이 갑자기 사망하자, 강과장(최민식)은 후계자 결정에 직접 개입하는 '신세계' 작전을 설계한다. 피도 눈물도 없는 후계자 전쟁의 한 가운데, 정청(황정민)은 8년 전, 고향 여수에서 처음 만나 지금까지 친형제처럼 모든 순간을 함께 해 온 자성(이정재)에게 더욱 강한 신뢰를 보낸다. ""약속 했잖습니까... 이번엔 진짜 끝이라고"" 한편, 작전의 성공만 생각하는 강과장(최민식)은 계속해서 자성(이정재)의 목을 조여만 간다. 시시각각 신분이 노출될 위기에 처한 자성(이정재)은 언제 자신을 배신할 지 모르는 경찰과, 형제의 의리로 대하는 정청(황정민) 사이에서 갈등하게 되는데…","청소년 관람불가","박훈정","이정재|최민식|황정민|박성웅|송지효|김윤성|나광훈|박로사|최일화|주진모|장광|권태원|김홍파|","https://movie-phinf.pstatic.net/20130206_29/13601146693401seof_JPEG/movie_image.jpg?type=m77_110_2","https://movie-phinf.pstatic.net/20120622_267/1340328756544MHaGl_JPEG/movie_image.jpg?type=m665_443_2|https://movie-phinf.pstatic.net/20120622_269/1340328940864vysmj_JPEG/movie_image.jpg?type=m665_443_2|https://movie-phinf.pstatic.net/20120920_269/13481235703592mlk1_JPEG/movie_image.jpg?type=m665_443_2|https://movie-phinf.pstatic.net/20120920_254/1348123571146BhAIK_JPEG/movie_image.jpg?type=m665_443_2|https://movie-phinf.pstatic.net/20130125_261/1359095432312i53nC_JPEG/movie_image.jpg?type=m665_443_2|https://movie-phinf.pstatic.net/20130125_290/1359095433272dLgE4_JPEG/movie_image.jpg?type=m665_443_2|https://movie-phinf.pstatic.net/20130130_18/1359527384253Hf6w8_JPEG/movie_image.jpg?type=m665_443_2|https://movie-phinf.pstatic.net/20130130_97/13595273843877gWgo_JPEG/movie_image.jpg?type=m665_443_2|"
"36843","러브 액츄얼리","Love Actually , 2003","9.24점","멜로/로맨스|드라마|코미디|","영국|미국|","130분","2020.12.16재개봉,2019.12.18재개봉,2017.12.20재개봉,2015.12.17재개봉,2013.12.18재개봉,2003.12.05개봉","사랑에 상처받은 당신을 위해, 사랑하지만 말하지 못했던 당신을 위해, 사랑에 확신하지 못했던 당신을 위해, 모두의 마음을 따뜻하게 할 선물이 찾아옵니다.","15세 관람가","리차드 커티스","휴 그랜트|리암 니슨|콜린 퍼스|로라 리니|엠마 톰슨|앨런 릭먼|키이라 나이틀리|마틴 맥커친|빌 나이|앤드류 링컨|루시아 모니즈|토마스 생스터|크리스 마셜|하이케 마카취일|로드리고 산토로|치웨텔 에지오포|그레고르 피셔|마틴 프리먼|빌리 밥 손튼|","https://movie-phinf.pstatic.net/20191202_278/1575250003279Taafr_JPEG/movie_image.jpg?type=m77_110_2","https://movie-phinf.pstatic.net/20171227_196/15143556530488ljGA_JPEG/movie_image.jpg?type=m665_443_2|https://movie-phinf.pstatic.net/20171130_101/151200578756579Jar_JPEG/movie_image.jpg?type=m665_443_2|https://movie-phinf.pstatic.net/20171130_105/1512005787670e7N09_JPEG/movie_image.jpg?type=m665_443_2|https://movie-phinf.pstatic.net/20171130_139/1512005788051RDtvI_JPEG/movie_image.jpg?type=m665_443_2|https://movie-phinf.pstatic.net/20171130_127/1512005788241NR08L_JPEG/movie_image.jpg?type=m665_443_2|https://movie-phinf.pstatic.net/20171130_79/1512005788484vleGi_JPEG/movie_image.jpg?type=m665_443_2|https://movie-phinf.pstatic.net/20171130_280/1512005788743OBbqK_JPEG/movie_image.jpg?type=m665_443_2|https://movie-phinf.pstatic.net/20171130_175/1512005788984DbGJv_JPEG/movie_image.jpg?type=m665_443_2|"
"27350","기쿠지로의 여름","菊次郞の夏 , Summer Of Kikujiro , 1999","8.94점","코미디|","일본|","121분","2002.08.30개봉","모두가 기다리던 여름방학. 하지만 마사오는 전혀 즐겁지 않다. 할머니는 매일 일을 나가시느라 바쁘고 친구들은 가족들과 함께 바다나 시골로 놀러 가버려 외톨이가 되었기 때문. 어느 날 먼 곳에 돈을 벌러 가셨다는 엄마의 주소를 발견한 마사오. 그림 일기장과 방학숙제를 배낭에 넣고 엄마를 찾아 여행길에 오른다. 52세 철없는 어른과 9세 걱정많은 소년. 그들이 마침내 찾은 것은?!","전체 관람가","기타노 다케시","기타노 다케시|세키구치 유스케|키시모토 가요코|다이케 요코|요시유키 카즈코|비트 키요시|그레이트 기다유|이데 랏쿄|마무라 네즈미|호소카와 후미에|마로 아카지|세키네 다이가쿠|","https://movie-phinf.pstatic.net/20170525_275/1495689244264Dsl7g_JPEG/movie_image.jpg?type=m77_110_2","https://movie-phinf.pstatic.net/20111222_204/1324507800964Mho0q_JPEG/movie_image.jpg?type=m665_443_2|https://movie-phinf.pstatic.net/20170525_275/1495689244264Dsl7g_JPEG/movie_image.jpg?type=m665_443_2|https://movie-phinf.pstatic.net/20111222_26/1324507794711u7Gsu_JPEG/movie_image.jpg?type=m665_443_2|https://movie-phinf.pstatic.net/20111222_81/13245077952916HmPl_JPEG/movie_image.jpg?type=m665_443_2|https://movie-phinf.pstatic.net/20111222_35/1324507795949gateh_JPEG/movie_image.jpg?type=m665_443_2|https://movie-phinf.pstatic.net/20111222_10/1324507796554mkn6N_JPEG/movie_image.jpg?type=m665_443_2|https://movie-phinf.pstatic.net/20111222_81/1324507797155xaV5d_JPEG/movie_image.jpg?type=m665_443_2|https://movie-phinf.pstatic.net/20111222_267/1324507797799vQdmD_JPEG/movie_image.jpg?type=m665_443_2|"
"17059","중경삼림","重慶森林: Chungking Express , 1994","9.27점","드라마|","홍콩|","102분","2021.03.04재개봉,2013.11.28재개봉,1995.09.02개봉","1994년 홍콩, “내 사랑의 유통기한은 만 년으로 하고 싶다” 만우절의 이별 통보가 거짓말이길 바라며 술집을 찾은 경찰 223 고단한 하루를 보내고 술집에 들어온 금발머리의 마약밀매상 ""그녀가 떠난 후 이 방의 모든 것들이 슬퍼한다"" 여자친구가 남긴 이별 편지를 외면하고 있는 경찰 663 편지 속에 담긴 그의 아파트 열쇠를 손에 쥔 단골집 점원 페이 네 사람이 만들어낸 두 개의 로맨스 새로운 사랑을 만나는 방법에 대한 독특한 상상력","15세 관람가","왕가위","임청하|양조위|왕페이|금성무|주가령|","https://movie-phinf.pstatic.net/20210208_255/1612760227924x9jop_JPEG/movie_image.jpg?type=m77_110_2","https://movie-phinf.pstatic.net/20210226_146/1614318966586Wu2iC_JPEG/movie_image.jpg?type=m665_443_2|https://movie-phinf.pstatic.net/20210226_282/1614319031323z9rqn_JPEG/movie_image.jpg?type=m665_443_2|https://movie-phinf.pstatic.net/20210226_115/1614319086959WtMFT_JPEG/movie_image.jpg?type=m665_443_2|https://ssl.pstatic.net/static/movie/2012/06/adult_img665x443.png|https://ssl.pstatic.net/static/movie/2012/06/adult_img665x443.png|https://movie-phinf.pstatic.net/20210216_265/1613439436494sCtHU_JPEG/movie_image.jpg?type=m665_443_2|https://movie-phinf.pstatic.net/20210216_41/1613439453836bekaB_JPEG/movie_image.jpg?type=m665_443_2|https://movie-phinf.pstatic.net/20210216_288/16134394753082jW2X_JPEG/movie_image.jpg?type=m665_443_2|"
"172113","이별의 아침에 약속의 꽃을 장식하자","さよならの朝に約束の花をかざろう , Maquia: When the Promised Flower Blooms , 2018","9.10점","애니메이션|드라마|","일본|","115분","2020.05.06재개봉,2018.07.19개봉","영원을 살아가는 마키아와 숲 속에 버려진 아이 아리엘, 우연히 만나 운명이 된 두사람의 단 한번 함께한 시간을 담은 네버엔딩 스토리","12세 관람가","오카다 마리","이와미 마나카|이리노 미유|카야노 아이|카지 유우키|사와시로 미유키|호소야 요시마사|쿠노 미사키|사토 리나|히카사 요코|스기타 토모카즈|히라타 히로아키|","https://movie-phinf.pstatic.net/20210507_62/1620351390794y05Cq_JPEG/movie_image.jpg?type=m77_110_2","https://movie-phinf.pstatic.net/20180621_188/1529546627571w5FnO_JPEG/movie_image.jpg?type=m665_443_2|https://movie-phinf.pstatic.net/20180621_292/1529546627764yOaAd_JPEG/movie_image.jpg?type=m665_443_2|https://movie-phinf.pstatic.net/20180621_129/1529546627931uFvGS_JPEG/movie_image.jpg?type=m665_443_2|https://movie-phinf.pstatic.net/20180621_59/1529546628088CsRQ1_JPEG/movie_image.jpg?type=m665_443_2|https://movie-phinf.pstatic.net/20180621_188/1529546628192lqDJ8_JPEG/movie_image.jpg?type=m665_443_2|https://movie-phinf.pstatic.net/20180621_73/1529546628301AiMag_JPEG/movie_image.jpg?type=m665_443_2|https://movie-phinf.pstatic.net/20180621_102/15295466284609hDuV_JPEG/movie_image.jpg?type=m665_443_2|https://movie-phinf.pstatic.net/20180621_288/152954662863960O3J_JPEG/movie_image.jpg?type=m665_443_2|"
"28876","화양연화","花樣年華 , In The Mood For Love , 2000","9.17점","드라마|멜로/로맨스|","홍콩|프랑스|","99분","2020.12.24재개봉,2013.11.28재개봉,2000.10.21개봉","화양연화花樣年華 가장 아름답고 찬란했던 시절 같은 날 같은 아파트로 이사 온 ‘첸 부인’과 ‘차우’. 이사 첫날부터 자주 마주치던 두 사람은 ‘차우’의 넥타이와 ‘첸 부인’의 가방이 각자 배우자의 것과 똑같음을 깨닫고 그들의 관계를 눈치챈다. 그 관계의 시작이 궁금해진 두 사람은 비밀스러운 만남을 이어가고 감정이 깊어지지 않기 위해 노력하지만, 서로에게 점점 빠져들기 시작한다. ""많은 일이 나도 모르게 시작되죠""","15세 관람가","왕가위","장만옥|양조위|뇌진|반적화|손가군|","https://movie-phinf.pstatic.net/20201028_19/1603867994616GALu9_JPEG/movie_image.jpg?type=m77_110_2","https://movie-phinf.pstatic.net/20201201_146/16068142719359lnjW_JPEG/movie_image.jpg?type=m665_443_2|https://movie-phinf.pstatic.net/20201203_112/1606986402195J3Gbd_JPEG/movie_image.jpg?type=m665_443_2|https://movie-phinf.pstatic.net/20201203_8/1606986402423rAmrN_JPEG/movie_image.jpg?type=m665_443_2|https://movie-phinf.pstatic.net/20201203_122/1606986402633txm4w_JPEG/movie_image.jpg?type=m665_443_2|https://movie-phinf.pstatic.net/20201203_244/1606986402899wKFUb_JPEG/movie_image.jpg?type=m665_443_2|https://movie-phinf.pstatic.net/20201201_3/16068144096972AldY_JPEG/movie_image.jpg?type=m665_443_2|https://movie-phinf.pstatic.net/20201209_275/1607476523165BCE1q_JPEG/movie_image.jpg?type=m665_443_2|https://movie-phinf.pstatic.net/20201209_66/1607476523414e7iQU_JPEG/movie_image.jpg?type=m665_443_2|"
"189373","69세","An Old Lady , 2019","9.33점","드라마|","한국|","100분","2020.08.20개봉","“인생 그렇게 쉽게 끝나지 않아…” 69세 효정은 병원에서 치료를 받다가 29세의 남자 간호조무사에게 치욕적인 일을 당한다. 긴 고민 끝에 효정은 동거 중인 동인에게 이 사실을 알리고 경찰에 신고한다. 하지만 경찰과 주변 사람 모두 말도 안 되는 일이라며 효정을 치매 환자로 매도하고, 법원 역시 나이 차이를 근거로 사건의 개연성이 부족하다며 구속영장을 기각한다. 효정은 피해자가 더 고통 받는 현실에 굴하지 않고 용기를 내어 가해자를 향한 일갈을 준비하는데… 아직 살아있는 69세의 나를, 당신은 어떻게 보고 있습니까?","15세 관람가","임선애","예수정|기주봉|김준경|김태훈|김중기|문정웅|김정영|","https://movie-phinf.pstatic.net/20200804_267/1596505576712zw2dt_JPEG/movie_image.jpg?type=m77_110_2","https://movie-phinf.pstatic.net/20200804_162/1596505701600iJUWA_JPEG/movie_image.jpg?type=m665_443_2|https://movie-phinf.pstatic.net/20200804_25/15965057017064u4ss_JPEG/movie_image.jpg?type=m665_443_2|https://movie-phinf.pstatic.net/20200804_100/15965057018116G4Rh_JPEG/movie_image.jpg?type=m665_443_2|https://movie-phinf.pstatic.net/20200804_248/15965057019276Qy8F_JPEG/movie_image.jpg?type=m665_443_2|https://movie-phinf.pstatic.net/20200804_193/1596505702039O3fWA_JPEG/movie_image.jpg?type=m665_443_2|https://movie-phinf.pstatic.net/20200804_20/1596505702143NvcYX_JPEG/movie_image.jpg?type=m665_443_2|https://movie-phinf.pstatic.net/20200804_234/1596505702276cLgx3_JPEG/movie_image.jpg?type=m665_443_2|https://movie-phinf.pstatic.net/20200804_93/1596505702499KaArf_JPEG/movie_image.jpg?type=m665_443_2|"
"61450","드림걸즈","Dreamgirls , 2006","10.00점","드라마|뮤지컬|","미국|","129분","2021.08.26재개봉,2007.02.22개봉","“신사 숙녀 여러분, ‘더 드림즈’를 소개합니다” 1960년대 세계를 뒤흔든 스타 탄생! 전설의 소울 트리오 ‘더 드림즈’ 같은 꿈을 키워온 세 친구 ‘디나’, ‘에피’, ‘로렐’의 드라마틱한 데뷔부터 화려한 성공, 아찔한 스캔들까지! 이들을 둘러싼 사랑과 우정, 박수와 환호가 히트송 퍼레이드와 함께 펼쳐진다. 꿈과 희망을 노래하는 환상의 무대가 지금 시작됩니다!","12세 관람가","빌 콘돈","제이미 폭스|비욘세|에디 머피|제니퍼 허드슨|대니 글로버|아니카 노니 로즈|케이스 로빈슨|샤론 릴|힌튼 배틀|","https://movie-phinf.pstatic.net/20210727_54/1627363229238c4U80_JPEG/movie_image.jpg?type=m77_110_2","https://movie-phinf.pstatic.net/20111222_208/1324526387978nq2X7_JPEG/movie_image.jpg?type=m665_443_2|https://movie-phinf.pstatic.net/20111222_284/1324526388638rSPM7_JPEG/movie_image.jpg?type=m665_443_2|https://movie-phinf.pstatic.net/20111222_12/1324526389296VmWb8_JPEG/movie_image.jpg?type=m665_443_2|https://movie-phinf.pstatic.net/20111222_39/1324526389976YrFLq_JPEG/movie_image.jpg?type=m665_443_2|https://movie-phinf.pstatic.net/20111222_298/1324526390658197ul_JPEG/movie_image.jpg?type=m665_443_2|https://movie-phinf.pstatic.net/20111222_186/13245263913731k1NE_JPEG/movie_image.jpg?type=m665_443_2|https://movie-phinf.pstatic.net/20111222_147/1324526392050HfpHQ_JPEG/movie_image.jpg?type=m665_443_2|https://movie-phinf.pstatic.net/20111222_29/13245263927609wf38_JPEG/movie_image.jpg?type=m665_443_2|"
"142730","분노","怒り , RAGE , 2016","8.77점","스릴러|드라마|","일본|","142분","2017.03.30개봉","무더운 여름의 도쿄, 평범한 부부가 무참히 살해된다. 피로 쓰여진 “분노”라는 글자만이 현장에 남은 유일한 단서. 그리고 1년 후, 연고를 알 수 없는 세 명의 남자가 나타난다. 치바의 항구에서 일하는 요헤이(와타나베 켄)는 3개월 전 돌연 가출해 유흥업소에서 일하던 딸 아이코(미야자키 아오이)를 데리고 집으로 돌아온다. 아이코는 2개월 전부터 항구에서 일하기 시작한 타시로(마츠야마 켄이치)와 만나 사랑에 빠지지만, 요헤이는 타시로의 과거를 의심한다. 클럽파티를 즐기는 도쿄의 샐러리맨 유마(츠마부키 사토시)는 신주쿠에서 만난 나오토(아야노 고)와 하룻밤을 보내고 동거를 시작한다. 사랑의 감정이 깊어져 가지만, 유마는 자신의 이야기를 하지 않는 나오토의 행동에 의심을 품게 된다. 오키나와로 이사 온 고등학생 이즈미(히로세 스즈)는 새로 사귄 친구인 타츠야(사쿠모토 타카라)와 무인도를 구경하던 중 배낭여행을 하던 타나카(모리야마 미라이)를 만나게 된다. 친절하고 상냥한 타나카와 친구가 되는 두 사람. 하지만 그의 정체를 아는 사람은 아무도 없다. 그리고 범인을 쫓고 있던 경찰은 새로운 수배 사진을 공개하는데… 내가 사랑하는 당신… 살인자인가요?","청소년 관람불가","이상일","와타나베 켄|모리야마 미라이|마츠야마 켄이치|아야노 고|히로세 스즈|미야자키 아오이|츠마부키 사토시|피에르 타키|미우라 타카히로|타카하타 미츠키|이케와키 치즈루|하라 히데코|사쿠모토 타카라|","https://movie-phinf.pstatic.net/20170313_250/1489367233468WjYnL_JPEG/movie_image.jpg?type=m77_110_2","https://movie-phinf.pstatic.net/20160830_258/1472542633729SEFhW_JPEG/movie_image.jpg?type=m665_443_2|https://movie-phinf.pstatic.net/20160830_257/14725426338699TE30_JPEG/movie_image.jpg?type=m665_443_2|https://movie-phinf.pstatic.net/20160830_264/1472542634065TC7dq_JPEG/movie_image.jpg?type=m665_443_2|https://movie-phinf.pstatic.net/20160830_279/1472542634153Ul3Cb_JPEG/movie_image.jpg?type=m665_443_2|https://movie-phinf.pstatic.net/20160830_101/1472542634242I8juS_JPEG/movie_image.jpg?type=m665_443_2|https://movie-phinf.pstatic.net/20160830_184/1472542634385qvYin_JPEG/movie_image.jpg?type=m665_443_2|https://movie-phinf.pstatic.net/20160830_275/1472542634562b3glu_JPEG/movie_image.jpg?type=m665_443_2|https://movie-phinf.pstatic.net/20160830_94/14725426348083Dymv_JPEG/movie_image.jpg?type=m665_443_2|"
"186348","너와 파도를 탈 수 있다면","きみと、波にのれたら , Ride Your Wave , 2019","8.19점","애니메이션|멜로/로맨스|","일본|","96분","2020.07.08개봉","평화로운 바닷가 마을. 불투명한 미래를 두려워하는 대학생 히나코와 정의감 넘치는 소방관 미나토. 바다에서 시작된 그들의 사랑은 영원할 것 같았지만 파도와 함께 물거품처럼 사라진다. “내가 그 노래를 부르면 물 속에 나타나는 거지?” 미나토의 죽음 이후 슬픔에 가라앉은 히나코. 그리운 마음으로 두 사람만의 추억이 담긴 노래를 부르는 그녀의 물 잔 속에 미나토가 나타난다. “사라지지 마!” 손을 잡을 수도, 안을 수도 없는 두 사람. 히나코 앞에 다시 나타난 미나토에게는 그만의 비밀이 있는데…","12세 관람가","유아사 마사아키","카타요세 료타|카와에이 리나|마츠모토 호노카|이토 켄타로|마이클 존스턴|메릿 레이튼|","https://movie-phinf.pstatic.net/20210507_252/1620351732742MDWAo_JPEG/movie_image.jpg?type=m77_110_2","https://movie-phinf.pstatic.net/20200625_21/1593047338219QmxOz_JPEG/movie_image.jpg?type=m665_443_2|https://movie-phinf.pstatic.net/20200625_50/15930473387909UueB_JPEG/movie_image.jpg?type=m665_443_2|https://movie-phinf.pstatic.net/20200625_58/15930473392360OSJF_JPEG/movie_image.jpg?type=m665_443_2|https://movie-phinf.pstatic.net/20200625_157/1593047339621fzCia_JPEG/movie_image.jpg?type=m665_443_2|https://movie-phinf.pstatic.net/20200625_119/1593047340021o4LtE_JPEG/movie_image.jpg?type=m665_443_2|https://movie-phinf.pstatic.net/20200625_279/1593047340522CU8f6_JPEG/movie_image.jpg?type=m665_443_2|https://movie-phinf.pstatic.net/20200625_17/1593047340919tblff_JPEG/movie_image.jpg?type=m665_443_2|https://movie-phinf.pstatic.net/20200625_30/1593047341375GajoR_JPEG/movie_image.jpg?type=m665_443_2|"
"184318","블랙 위도우","Black Widow , 2021","9.07점","액션|모험|SF|","미국|","134분","2021.07.07개봉","어벤져스의 히어로 블랙 위도우, ‘나타샤 로마노프’ (스칼렛 요한슨)는 자신의 과거와 연결된 레드룸의 거대한 음모와 실체를 깨닫게 된다. 상대의 능력을 복제하는 빌런 ‘태스크마스터’와 새로운 위도우들의 위협에 맞서 목숨을 건 반격을 시작하는 ‘나타샤’는 스파이로 활약했던 자신의 과거 뿐 아니라, 어벤져스가 되기 전 함께했던 동료들을 마주해야만 하는데… 폭발하는 리얼 액션 카타르시스! MCU의 새로운 시대를 시작할 첫 액션 블록버스터를 만끽하라!","12세 관람가","케이트 쇼트랜드","스칼릿 조핸슨|플로렌스 퓨|레이첼 와이즈|데이빗 하버|레이 윈스턴|윌리엄 허트|O. T. 패그벤늘|미쉘 리|","https://movie-phinf.pstatic.net/20210617_272/1623906098516QjpeS_JPEG/movie_image.jpg?type=m77_110_2","https://movie-phinf.pstatic.net/20210610_46/1623290158398NlFJW_JPEG/movie_image.jpg?type=m665_443_2|https://movie-phinf.pstatic.net/20210610_283/1623290209627KF4uF_JPEG/movie_image.jpg?type=m665_443_2|https://movie-phinf.pstatic.net/20210610_1/1623290232516D1DJD_JPEG/movie_image.jpg?type=m665_443_2|https://movie-phinf.pstatic.net/20210610_35/1623290250973812mQ_JPEG/movie_image.jpg?type=m665_443_2|https://movie-phinf.pstatic.net/20210610_241/1623290265401lG78v_JPEG/movie_image.jpg?type=m665_443_2|https://movie-phinf.pstatic.net/20210610_75/1623290278438a38b7_JPEG/movie_image.jpg?type=m665_443_2|https://movie-phinf.pstatic.net/20210610_86/1623290294202tkWYJ_JPEG/movie_image.jpg?type=m665_443_2|https://movie-phinf.pstatic.net/20210618_55/1623979187354i0gIC_JPEG/movie_image.jpg?type=m665_443_2|"
"196215","노매드랜드","Nomadland , 2020","8.60점","드라마|","미국|","108분","2021.04.15개봉","경제적 붕괴로 도시 전체가 무너진 후 홀로 남겨진 ‘펀’.(프란시스 맥도맨드) 추억이 깃든 도시를 떠나 작은 밴과 함께 한 번도 가보지 않은 낯선 길 위의 세상으로 떠난다. 그 곳에서 ‘펀’은 각자의 사연을 가진 노매드들을 만나게 되고, 광활한 자연과 길 위에서의 삶을 스스로 선택한 그들과 만나고 헤어지며 다시 살아가기 위한 여정을 시작하는데…","12세 관람가","클로이 자오","프란시스 맥도맨드|데이빗 스트라탄|린다 메이|밥 웰스|샬린 스완키|","https://movie-phinf.pstatic.net/20210325_116/16166363029599OMXS_JPEG/movie_image.jpg?type=m77_110_2","https://movie-phinf.pstatic.net/20210318_72/1616030677659MtDTN_JPEG/movie_image.jpg?type=m665_443_2|https://movie-phinf.pstatic.net/20210114_81/1610611704487QFAbe_JPEG/movie_image.jpg?type=m665_443_2|https://movie-phinf.pstatic.net/20210318_86/161603035187780F9i_JPEG/movie_image.jpg?type=m665_443_2|https://movie-phinf.pstatic.net/20210318_26/1616030398049iEDDz_JPEG/movie_image.jpg?type=m665_443_2|https://movie-phinf.pstatic.net/20210318_65/1616030502271b5MyN_JPEG/movie_image.jpg?type=m665_443_2|https://movie-phinf.pstatic.net/20210318_181/1616030543442o04Ju_JPEG/movie_image.jpg?type=m665_443_2|https://movie-phinf.pstatic.net/20210318_111/1616030561702AV2qh_JPEG/movie_image.jpg?type=m665_443_2|https://movie-phinf.pstatic.net/20210318_133/16160305780728AHXO_JPEG/movie_image.jpg?type=m665_443_2|"
"175318","너의 췌장을 먹고 싶어","君の膵?をたべたい , I want to eat your pancreas , 2018","8.52점","애니메이션|드라마|","일본|","109분","2018.11.15개봉","우연히 주운 한 권의 『공병문고』로 우리는 조금씩 가까워지기 시작했다. “나 사실은… 죽는 게 너무 무섭다고 하면 어떻게 할래?” 내가 몰랐던 너, 네가 몰랐던 나 다시 우리의 이야기","12세 관람가","우시지마 신이치로","타카스기 마히로|린|후지이 유키요|후쿠시마 준|우치다 유우마|미키 신이치로|타나카 아츠코|","https://movie-phinf.pstatic.net/20181026_40/1540518904460lgFIb_JPEG/movie_image.jpg?type=m77_110_2","https://movie-phinf.pstatic.net/20181022_85/15401716739922ddKP_JPEG/movie_image.jpg?type=m665_443_2|https://movie-phinf.pstatic.net/20181022_98/1540171674271ms5iA_JPEG/movie_image.jpg?type=m665_443_2|https://movie-phinf.pstatic.net/20181022_46/1540171674352KPz5u_JPEG/movie_image.jpg?type=m665_443_2|https://movie-phinf.pstatic.net/20181022_40/1540171674457G6eNs_JPEG/movie_image.jpg?type=m665_443_2|https://movie-phinf.pstatic.net/20181022_266/15401716745432EnTD_JPEG/movie_image.jpg?type=m665_443_2|https://movie-phinf.pstatic.net/20181022_114/1540171674782YBTdv_JPEG/movie_image.jpg?type=m665_443_2|https://movie-phinf.pstatic.net/20181022_110/1540171674875o6aSJ_JPEG/movie_image.jpg?type=m665_443_2|https://movie-phinf.pstatic.net/20181022_252/1540171675015csd7N_JPEG/movie_image.jpg?type=m665_443_2|"
"191548","이스케이프 룸 2: 노 웨이 아웃","Escape Room: Tournament of Champions , 2021","8.51점","액션|공포|스릴러|","미국|","88분","2021.07.14개봉","출구 없는 탈출 게임에서 가까스로 살아남은 ‘조이’와 ‘벤’. 게임을 설계한 의문의 조직 ‘미노스’의 실체를 밝히기 위해 뉴욕에 도착한 두 사람은 정체불명의 남자에게 휘말려 지하철에 갇히고 만다. 순간 다른 칸과 분리된 열차 안에는 초고압 전류가 흐르기 시작하고, 그곳에 있는 6명 모두 게임의 생존자라는 것이 밝혀진다. 목숨을 건 탈출 게임이 다시 시작됐음을 직감한 그들은 뉴욕을 배경으로 벌어지는 극한의 상황에서 살아남기 위한 사투를 벌이는데….","15세 관람가","애덤 로비텔","테일러 러셀|로건 밀러|인디아 무어|홀랜드 로던|토마스 코쿼렐|칼리토 올리베로|","https://movie-phinf.pstatic.net/20210707_1/1625644082274E6g2t_JPEG/movie_image.jpg?type=m77_110_2","https://movie-phinf.pstatic.net/20210609_251/1623199919912fEQGE_JPEG/movie_image.jpg?type=m665_443_2|https://movie-phinf.pstatic.net/20210609_78/1623199953947ciGxj_JPEG/movie_image.jpg?type=m665_443_2|https://movie-phinf.pstatic.net/20210609_39/1623199990610Q7ow2_JPEG/movie_image.jpg?type=m665_443_2|https://movie-phinf.pstatic.net/20210609_212/1623200009726TwHiu_JPEG/movie_image.jpg?type=m665_443_2|https://movie-phinf.pstatic.net/20210609_186/16232000236988YWkb_JPEG/movie_image.jpg?type=m665_443_2|https://movie-phinf.pstatic.net/20210609_90/1623200041511pszQK_JPEG/movie_image.jpg?type=m665_443_2|https://movie-phinf.pstatic.net/20210609_280/1623200062864GlPM5_JPEG/movie_image.jpg?type=m665_443_2|https://movie-phinf.pstatic.net/20210609_127/1623200082758Wmb00_JPEG/movie_image.jpg?type=m665_443_2|"
"192150","모가디슈","Escape from Mogadishu , 2021","8.70점","액션|드라마|","한국|","121분","2021.07.28개봉","내전으로 고립된 낯선 도시, 모가디슈 지금부터 우리의 목표는 오로지 생존이다! 대한민국이 UN가입을 위해 동분서주하던 시기 1991년 소말리아의 수도 모가디슈에서는 일촉즉발의 내전이 일어난다. 통신마저 끊긴 그 곳에 고립된 대한민국 대사관의 직원과 가족들은 총알과 포탄이 빗발치는 가운데, 살아남기 위해 하루하루를 버텨낸다. 그러던 어느 날 밤, 북한 대사관의 일행들이 도움을 요청하며 문을 두드리는데… 목표는 하나, 모가디슈에서 탈출해야 한다!","15세 관람가","류승완","김윤석|조인성|허준호|구교환|김소진|정만식|김재화|박경혜|","https://movie-phinf.pstatic.net/20210820_122/1629448997924YXUCv_JPEG/movie_image.jpg?type=m77_110_2","https://movie-phinf.pstatic.net/20210617_11/1623893571534zX1vl_JPEG/movie_image.jpg?type=m665_443_2|https://movie-phinf.pstatic.net/20210617_102/1623893609180k4gIb_JPEG/movie_image.jpg?type=m665_443_2|https://movie-phinf.pstatic.net/20210617_192/1623893628650p5UBd_JPEG/movie_image.jpg?type=m665_443_2|https://movie-phinf.pstatic.net/20210617_87/1623893651382xBuRv_JPEG/movie_image.jpg?type=m665_443_2|https://movie-phinf.pstatic.net/20210617_85/1623893690184Elrt7_JPEG/movie_image.jpg?type=m665_443_2|https://movie-phinf.pstatic.net/20210617_299/1623893710310TbJ45_JPEG/movie_image.jpg?type=m665_443_2|https://movie-phinf.pstatic.net/20210617_198/1623893727974QmCVg_JPEG/movie_image.jpg?type=m665_443_2|https://movie-phinf.pstatic.net/20210617_2/1623893746812igTLu_JPEG/movie_image.jpg?type=m665_443_2|"
"106335","언어의 정원","言の葉の庭 , The Garden of Words , 2013","8.95점","애니메이션|","일본|","46분","2020.04.22재개봉,2016.07.07재개봉,2013.08.14개봉","구두 디자이너를 꿈꾸는 고등학생 ‘다카오’는 비가 오는 날이면 도심의 정원으로 구두를 스케치하러 간다. 어느 날 그는 우연히 ‘유키노’라는 여인과 정원에서 만나게 되고, 예상치 못한 만남은 비가 오는 날이면 계속 이어진다. 그리고 비록 이름조차 모르지만 걷는 법을 잊어버린 그녀를 위해 ‘다카오’는 구두를 만들어 주기로 결심한다. 그러나 장마가 끝나갈 무렵, 그들 사이에는 뭔가 말하지 못한 것들이 남아 있는 듯한데…","12세 관람가","신카이 마코토","이리노 미유|하나자와 카나|히라노 후미|테라사키 유카|","https://movie-phinf.pstatic.net/20210506_116/1620269253724yUAgH_JPEG/movie_image.jpg?type=m77_110_2","https://movie-phinf.pstatic.net/20200407_122/1586225845532m78yR_JPEG/movie_image.jpg?type=m665_443_2|https://movie-phinf.pstatic.net/20200407_118/1586225846013ttgjx_JPEG/movie_image.jpg?type=m665_443_2|https://movie-phinf.pstatic.net/20200407_129/1586225846517FvV1S_JPEG/movie_image.jpg?type=m665_443_2|https://movie-phinf.pstatic.net/20200407_149/15862258468992zeYz_JPEG/movie_image.jpg?type=m665_443_2|https://movie-phinf.pstatic.net/20200407_79/1586225847356L6voq_JPEG/movie_image.jpg?type=m665_443_2|https://movie-phinf.pstatic.net/20200407_111/1586225847797SzPte_JPEG/movie_image.jpg?type=m665_443_2|https://movie-phinf.pstatic.net/20200407_100/1586225848307rooiM_JPEG/movie_image.jpg?type=m665_443_2|https://movie-phinf.pstatic.net/20200407_235/1586225848645jCNav_JPEG/movie_image.jpg?type=m665_443_2|"
"159830","너의 췌장을 먹고 싶어","君の膵?をたべたい , Let Me Eat Your Pancreas , 2017","8.36점","드라마|","일본|","115분","2017.10.25개봉","스스로를 외톨이로 만드는 ‘나’ 학교 최고의 인기인 ‘그녀’ 어느 날, 우연히 주운 [공병문고]를 통해 나는 그녀와 비밀을 공유하게 되었다. “너 말이야, 정말 죽어?” “...응, 죽어” 그날 이후, 너의 무언가가 조금씩 내게로 옮겨오고 있다.","12세 관람가","츠키카와 쇼","하마베 미나미|키타무라 타쿠미|키타가와 케이코|오구리 ?|오오토모 카렌|사쿠라다 도리|야모토 유마|카미지 유스케|나카타 케이스케|","https://movie-phinf.pstatic.net/20170927_210/1506482182997qLEa4_JPEG/movie_image.jpg?type=m77_110_2","https://movie-phinf.pstatic.net/20170907_225/1504744582945PeN4u_JPEG/movie_image.jpg?type=m665_443_2|https://movie-phinf.pstatic.net/20170907_210/1504744583127OFWuj_JPEG/movie_image.jpg?type=m665_443_2|https://movie-phinf.pstatic.net/20170907_297/1504744583229AMCcb_JPEG/movie_image.jpg?type=m665_443_2|https://movie-phinf.pstatic.net/20170907_162/15047445834764PQe9_JPEG/movie_image.jpg?type=m665_443_2|https://movie-phinf.pstatic.net/20170907_158/1504744583630oeNgV_JPEG/movie_image.jpg?type=m665_443_2|https://movie-phinf.pstatic.net/20170907_123/1504744583796zzD0M_JPEG/movie_image.jpg?type=m665_443_2|https://movie-phinf.pstatic.net/20170907_29/1504744583985H1tBe_JPEG/movie_image.jpg?type=m665_443_2|https://movie-phinf.pstatic.net/20170907_30/1504744584127aeM59_JPEG/movie_image.jpg?type=m665_443_2|"
"84505","별을 쫓는 아이","星を追う子ども , Children who Chase Lost Voices from Deep Below , 2011","8.25점","애니메이션|","일본|","116분","2016.09.22재개봉,2011.08.25개봉","어느 날, 소녀 '아스나'는 아버지의 유품인 광석 라디오를 통해 우연히 듣게 된 신비한 음악에 매료된다. 그 음악을 다시 듣기 위해 자신만의 비밀 장소로 향하던 길에 '아스나'는 괴물의 습격을 받게 되고 '?'이라는 소년이 나타나 그녀를 구해준다. 아가르타라는 먼 곳에서 왔다는 '?'에게 두근거리는 감정을 갖게 된 '아스나'는 그를 다시 만나기 위해 약속 장소로 가지만 '?'은 나타나지 않는다. 실망감으로 슬퍼하던 '아스나'는 신임 교사 ‘모리사키’로부터 지하 세계의 신화에 대해 듣게 되고 그것이 '?'과 관련이 있음을 직감한다. '?'과 똑 닮은 소년 '신'과 그를 쫓는 비밀 조직 아크엔젤의 추격 전에 휘말리게 된 '아스나'는 지하세계로 가는 문 앞까지 이끌려오게 되고 신임교사 '모리사키'가 아크엔젤의 요원임을 알고 놀라게 된다. '신'은 '아스나'를 뒤로 한 채 지하 세계로 자취를 감추고 '아스나'는 '모리사키'에게 아가르타로의 모험에 동참하겠다고 말하는데…","전체 관람가","신카이 마코토","카네모토 히사코|이리노 미유|이노우에 카즈히코|시마모토 스미|히다카 리나|오리카사 후미코|","https://movie-phinf.pstatic.net/20191115_267/1573781776752zMIbV_JPEG/movie_image.jpg?type=m77_110_2","https://movie-phinf.pstatic.net/20111223_260/1324644832099w49ED_JPEG/movie_image.jpg?type=m665_443_2|https://movie-phinf.pstatic.net/20111223_58/1324643936871qySEa_JPEG/movie_image.jpg?type=m665_443_2|https://movie-phinf.pstatic.net/20111223_46/1324643937617DJupv_JPEG/movie_image.jpg?type=m665_443_2|https://movie-phinf.pstatic.net/20111223_113/1324643938185q5Epk_JPEG/movie_image.jpg?type=m665_443_2|https://movie-phinf.pstatic.net/20111223_11/1324643938942Ne6Uy_JPEG/movie_image.jpg?type=m665_443_2|https://movie-phinf.pstatic.net/20111223_66/1324643939637aTJob_JPEG/movie_image.jpg?type=m665_443_2|https://movie-phinf.pstatic.net/20111223_267/132464394037952t3V_JPEG/movie_image.jpg?type=m665_443_2|https://movie-phinf.pstatic.net/20111223_157/1324643941057a7AG2_JPEG/movie_image.jpg?type=m665_443_2|"
"158910","예수는 역사다","The Case for Christ , 2017","9.04점","드라마|","미국|","113분","2017.07.13개봉","트리뷴 지의 최연소 신입 기자로 입사한 후 능력을 인정받으며 승승장구 하던 남편 ‘리 스트로벨’. 가족과 함께 하던 저녁 식사 자리에서 한 크리스천의 도움으로 딸을 응급상황에서 구해 낸다. 이후 아내가 신앙의 길로 들어서자 무신론자이자 사실과 이성적인 근거를 중시하는 ‘리’는 아내의 신앙심과 하나님의 존재를 부정하며 이를 받아들이지 않는다. “사실을 통해서만 진실로 갈 수 있다” 눈에 보이는 것 만이 실제라고 절대적으로 믿던 ‘리’. 전문가들의 소견과 수많은 증거들을 따라 예수의 존재에 대한 끈질긴 수소문을 거듭하던 ‘리’는 자신의 기사로 인해 억울하게 누명을 쓰고 기소된 ‘힉스’의 사건을 겪으면서 사실과 믿음에 사이에서 갈등하기 시작한다. 마침내, 그는 예수의 부활과 영생에 대한 놀라운 진실을 발견해 가기 시작하는데…","전체 관람가","존 건","마이크 보겔|에리카 크리스틴슨|페이 더너웨이|로버트 포스터|프랭키 페이슨|L. 스콧 캘드웰|마이크 프니스키|케빈 시즈모어|브렛 라이스|톰 노윅키|주드 로맨드|러스 블랙웰|조던 콕스|헤일리 로즌와서|신디 호건|","https://movie-phinf.pstatic.net/20170529_267/1496019021214jtmxd_JPEG/movie_image.jpg?type=m77_110_2","https://movie-phinf.pstatic.net/20170525_120/1495678093163SF2EN_JPEG/movie_image.jpg?type=m665_443_2|https://movie-phinf.pstatic.net/20170525_119/1495678093319BOFCm_JPEG/movie_image.jpg?type=m665_443_2|https://movie-phinf.pstatic.net/20170525_58/1495678093573Q2Fws_JPEG/movie_image.jpg?type=m665_443_2|https://movie-phinf.pstatic.net/20170525_96/1495678093728ix0Kp_JPEG/movie_image.jpg?type=m665_443_2|https://movie-phinf.pstatic.net/20170525_18/1495678093971hYz0N_JPEG/movie_image.jpg?type=m665_443_2|https://movie-phinf.pstatic.net/20170525_221/1495678094219GsBtp_JPEG/movie_image.jpg?type=m665_443_2|https://movie-phinf.pstatic.net/20170525_185/1495678094404rhKtz_JPEG/movie_image.jpg?type=m665_443_2|https://movie-phinf.pstatic.net/20170525_16/14956780945794JP0X_JPEG/movie_image.jpg?type=m665_443_2|"
"204768","그린 나이트","The Green Knight , 2021","7.85점","모험|드라마|판타지|","아일랜드|캐나다|미국|영국|","130분","2021.08.05개봉","크리스마스 이브, 아서왕과 원탁의 기사들 앞에 나타난 녹색 기사, “가장 용맹한 자, 나의 목을 내리치면 명예와 재물을 주겠다”고 제안한다. 단, 1년 후 녹색 예배당에 찾아와 똑같이 자신의 도끼날을 받는다는 조건으로. 아서왕의 조카 가웨인이 도전에 응하고 마침내 1년 후, 5가지 고난의 관문을 거치는 여정을 시작하는데… 전설이 될 새로운 모험, 너의 목에 명예를 걸어라!","15세 관람가","데이빗 로워리","데브 파텔|알리시아 비칸데르|조엘 에저튼|사리타 초우드리|랄프 이네슨|케이트 딕키|배리 케오간|숀 해리스|","https://movie-phinf.pstatic.net/20210728_155/16274361314942FPXi_JPEG/movie_image.jpg?type=m77_110_2","https://movie-phinf.pstatic.net/20210706_196/16255351801640Qwt5_JPEG/movie_image.jpg?type=m665_443_2|https://movie-phinf.pstatic.net/20210706_193/1625535207475iTIfU_JPEG/movie_image.jpg?type=m665_443_2|https://movie-phinf.pstatic.net/20210706_180/1625535220704aqOt4_JPEG/movie_image.jpg?type=m665_443_2|https://movie-phinf.pstatic.net/20210706_73/1625535236125QRdTA_JPEG/movie_image.jpg?type=m665_443_2|https://movie-phinf.pstatic.net/20210706_95/1625535248333woQku_JPEG/movie_image.jpg?type=m665_443_2|https://movie-phinf.pstatic.net/20210719_281/1626669492070CSsPE_JPEG/movie_image.jpg?type=m665_443_2|https://movie-phinf.pstatic.net/20210719_291/16266695142998cakT_JPEG/movie_image.jpg?type=m665_443_2|https://movie-phinf.pstatic.net/20210719_196/1626669527130IFm7r_JPEG/movie_image.jpg?type=m665_443_2|"
"179879","콜","The Call , 2020","","미스터리|스릴러|","한국|","112분","2020.11.27개봉","거기 지금 몇 년도죠?” 오랜만에 집으로 돌아온 ‘서연’(박신혜). 집에 있던 낡은 전화기를 연결했다가 ‘영숙’(전종서)이란 이름의 낯선 여자와 전화를 하게 된다. ‘서연’은 ‘영숙’이 20년 전, 같은 집에 살았던 사람이란 사실을 깨닫고 그때부터 두 사람은 우정을 쌓아간다. “내가 말했지, 함부로 전화 끊지 말라고.” 그러던 어느 날, ‘서연’과 ‘영숙’은 각자의 현재에서 서로의 인생을 바꿀 위험한 선택을 하게 된다. ‘영숙’은 20년 전 죽은 ‘서연’의 아빠를 살려주고, ‘서연’은 ‘영숙’의 미래를 알려준 것. 그러나 자신의 끔찍한 미래를 알게 된 ‘영숙’이 예상치 못한 폭주를 하면서 ‘서연’을 위협하기 시작하는데…! 금기를 깨버린 전화 한 통 살인마가 눈을 뜬다","15세 관람가","이충현","박신혜|전종서|김성령|이엘|박호산|오정세|이동휘|엄채영|","https://movie-phinf.pstatic.net/20201109_244/1604902097561c22tz_JPEG/movie_image.jpg?type=m77_110_2","https://movie-phinf.pstatic.net/20200205_209/15808658702543hY67_JPEG/movie_image.jpg?type=m665_443_2|https://movie-phinf.pstatic.net/20200205_68/15808658706668TxqC_JPEG/movie_image.jpg?type=m665_443_2|https://movie-phinf.pstatic.net/20200205_236/1580865871155X9lMg_JPEG/movie_image.jpg?type=m665_443_2|https://movie-phinf.pstatic.net/20201020_177/16031722785807aQ68_JPEG/movie_image.jpg?type=m665_443_2|https://movie-phinf.pstatic.net/20200206_77/1580954701715yPl7C_JPEG/movie_image.jpg?type=m665_443_2|https://movie-phinf.pstatic.net/20200206_271/15809547020983jNPG_JPEG/movie_image.jpg?type=m665_443_2|https://movie-phinf.pstatic.net/20200211_84/1581384963579y0VAy_JPEG/movie_image.jpg?type=m665_443_2|https://movie-phinf.pstatic.net/20200211_204/1581384964097RmaVC_JPEG/movie_image.jpg?type=m665_443_2|"
"158178","독전","Believer , 2018","8.41점","범죄|액션|","한국|","123분","2018.07.18재개봉,2018.05.22개봉","의문의 폭발 사고 후, 오랫동안 마약 조직을 추적해온 형사 ‘원호’(조진웅)의 앞에 조직의 후견인 ‘오연옥’(김성령)과 버림받은 조직원 ‘락’(류준열)이 나타난다. 그들의 도움으로 아시아 마약 시장의 거물 ‘진하림’(김주혁)과 조직의 숨겨진 인물 ‘브라이언’(차승원)을 만나게 되면서 그 실체에 대한 결정적 단서를 잡게 되는데… 끝까지 의심하라! 독한 자들의 전쟁이 시작된다!","15세 관람가","이해영","조진웅|류준열|김주혁|김성령|박해준|남문철|서현우|강승현|정준원|정가람|진서연|김동영|이주영|금새록|","https://movie-phinf.pstatic.net/20180524_197/1527129752646aGAH7_JPEG/movie_image.jpg?type=m77_110_2","https://movie-phinf.pstatic.net/20180511_60/15260019545404mtv3_JPEG/movie_image.jpg?type=m665_443_2|https://movie-phinf.pstatic.net/20180511_219/1526001954785hzqe7_JPEG/movie_image.jpg?type=m665_443_2|https://movie-phinf.pstatic.net/20180511_251/1526001954957vRfI0_JPEG/movie_image.jpg?type=m665_443_2|https://movie-phinf.pstatic.net/20180511_33/1526001955168WCaqe_JPEG/movie_image.jpg?type=m665_443_2|https://movie-phinf.pstatic.net/20180612_48/1528766181150SKqXC_JPEG/movie_image.jpg?type=m665_443_2|https://movie-phinf.pstatic.net/20180612_43/1528766181274tCxSL_JPEG/movie_image.jpg?type=m665_443_2|https://movie-phinf.pstatic.net/20180612_221/1528766181500qPCu5_JPEG/movie_image.jpg?type=m665_443_2|https://ssl.pstatic.net/static/movie/2012/06/adult_img665x443.png|"
"95251","홀리 모터스","Holy Motors , 2012","9.42점","드라마|","프랑스|독일|","115분","2013.04.04개봉","유능한 사업가 오스카(드니 라방)의 하루는 이른 아침, 고급 리무진 홀리 모터스에 오르면서 시작된다. 홀리 모터스는 그와 그의 비서 셀린(에디뜨 스콥)을 태운 채 새벽부터 해질녘까지 파리 곳곳을 누빈다. 유능한 사업가, 가정적인 아버지에서 광대, 걸인, 암살자, 광인에 이르기까지, 홀리 모터스가 멈추는 곳마다 전혀 다른 아홉 명의 인물이 내리는데… 레오스 카락스와 드니 라방이 만나 완성한 13년 만의 컴백작! 당신이 만난 오늘의 오스카씨는 누구인가요?","청소년 관람불가","레오 카락스","드니 라방|카일리 미노그|에바 멘데스|에디뜨 스꼽|엘리스 루모|진 디슨|미첼 피콜리|장 프랑수아 발머|프랑소와 림바우|","https://movie-phinf.pstatic.net/20130307_39/1362619012802pmflE_JPEG/movie_image.jpg?type=m77_110_2","https://movie-phinf.pstatic.net/20130219_83/13612414549265Hr3A_JPEG/movie_image.jpg?type=m665_443_2|https://movie-phinf.pstatic.net/20120531_239/1338442569818uAY1B_JPEG/movie_image.jpg?type=m665_443_2|https://movie-phinf.pstatic.net/20120531_114/1338442619756gTA95_JPEG/movie_image.jpg?type=m665_443_2|https://movie-phinf.pstatic.net/20130122_146/13588461817187xYpk_JPEG/movie_image.jpg?type=m665_443_2|https://movie-phinf.pstatic.net/20130219_199/1361241372633G76RS_JPEG/movie_image.jpg?type=m665_443_2|https://movie-phinf.pstatic.net/20120615_8/1339735574524Wvigi_JPEG/movie_image.jpg?type=m665_443_2|https://movie-phinf.pstatic.net/20130219_92/1361241359744FNzIQ_JPEG/movie_image.jpg?type=m665_443_2|https://movie-phinf.pstatic.net/20120531_109/1338442594273svX1A_JPEG/movie_image.jpg?type=m665_443_2|"
"65963","기담","奇談 , Epitaph , 2007","","공포|","한국|","98분","2021.07.14재개봉,2007.08.01개봉","경성 최고의 의료기술이 갖춰진 ‘안생병원’, 동경 유학 중이던 엘리트 의사 부부 ‘인영’(김보경)과 ‘동원’(김태우)이 부임하고 병원 원장 딸과의 정략결혼을 앞둔 의대 실습생 ‘정남’(진구)은 유년 시절 사고로 다리를 저는 천재 의사 ‘수인’(이동규)과 함께 경성에서의 생활을 시작한다. 그러나 저마다 비밀스런 사랑에 빠져든 이들은 점점 지독한 파멸의 공포와 마주하게 되는데… 1942년 경성 안생병원 우리는 죽은 자와 사랑을 시작했다","15세 관람가","정식","진구|이동규|김태우|김보경|고주연|김응수|예수정|김주현|정지안|최재환|한동룡|","https://movie-phinf.pstatic.net/20210623_205/1624438334204JaHk1_JPEG/movie_image.jpg?type=m77_110_2","https://movie-phinf.pstatic.net/20210702_169/1625208514186XkOWA_JPEG/movie_image.jpg?type=m665_443_2|https://movie-phinf.pstatic.net/20210702_37/16252085407210A3VV_JPEG/movie_image.jpg?type=m665_443_2|https://movie-phinf.pstatic.net/20210702_7/1625208555218GX2PS_JPEG/movie_image.jpg?type=m665_443_2|https://movie-phinf.pstatic.net/20210702_160/1625208569645l3P3p_JPEG/movie_image.jpg?type=m665_443_2|https://movie-phinf.pstatic.net/20210702_20/1625208584913xX494_JPEG/movie_image.jpg?type=m665_443_2|https://movie-phinf.pstatic.net/20210702_87/1625208599801Lop7N_JPEG/movie_image.jpg?type=m665_443_2|https://movie-phinf.pstatic.net/20111222_163/1324560912249UvDAi_JPEG/movie_image.jpg?type=m665_443_2|https://movie-phinf.pstatic.net/20111222_200/13245609130399yjwi_JPEG/movie_image.jpg?type=m665_443_2|"
"185614","인질","Hostage: Missing Celebrity , 2021","7.69점","액션|스릴러|","한국|","94분","2021.08.18개봉","평소와 똑같던 어느 새벽, 서울 한복판에서 증거도, 목격자도 없이 대한민국 톱배우 '황정민'이 납치된다. 한 치 앞을 알 수 없는 상황 속 살기 위한 극한의 탈주가 시작되는데… 관객들을 사로잡을 리얼리티 액션스릴러가 온다!","15세 관람가","필감성","황정민|김재범|이유미|류경수|정재원|이규원|이호정|조경현|신현종|백주희|한규원|지남혁|류성현|김재철|임형태|강덕중|","https://movie-phinf.pstatic.net/20210714_30/16262486171225Il6s_JPEG/movie_image.jpg?type=m77_110_2","https://movie-phinf.pstatic.net/20210630_200/1625015689102g2x3Q_JPEG/movie_image.jpg?type=m665_443_2|https://movie-phinf.pstatic.net/20210707_111/1625623984576xYMGx_JPEG/movie_image.jpg?type=m665_443_2|https://movie-phinf.pstatic.net/20210707_47/16256238571950Ccax_JPEG/movie_image.jpg?type=m665_443_2|https://movie-phinf.pstatic.net/20210708_26/1625712332355J1yyh_JPEG/movie_image.jpg?type=m665_443_2|https://movie-phinf.pstatic.net/20210712_5/1626054506959aWxcq_JPEG/movie_image.jpg?type=m665_443_2|https://movie-phinf.pstatic.net/20210712_23/1626054455593sLW5r_JPEG/movie_image.jpg?type=m665_443_2|https://movie-phinf.pstatic.net/20210712_222/1626054483261g6JlG_JPEG/movie_image.jpg?type=m665_443_2|https://movie-phinf.pstatic.net/20210720_85/1626745335892D61xS_JPEG/movie_image.jpg?type=m665_443_2|"
"204624","킬러의 보디가드 2","Hitman's Wife's Bodyguard , 2021","7.78점","액션|코미디|범죄|","미국|영국|","117분","2021.06.23개봉","미치광이 킬러 ‘다리우스’의 경호를 맡은 후 매일 밤 그의 악몽을 꾸는 보디가드 ‘마이클’ 앞에 나타난 무대포 직진녀 ‘소니아’ 남편 ‘다리우스’가 납치되었다며 다짜고짜 그를 구하러 가야 한다고 하는데… 한 명도 버거운데 그의 와이프까지 플러스?! 설상가상으로 유럽 전역을 위기로 몰아넣는 사건들이 연속적으로 터지고 인터폴의 비밀스러운 의뢰까지 추가되는데.. 2배 더 강력한, 2배 더 골때리는, 2배 더 커진 모두가 기다린 1+1 트리플 환장 액션 블록버스터가 온다!","청소년 관람불가","패트릭 휴즈","라이언 레이놀즈|사무엘 L. 잭슨|셀마 헤이엑|모건 프리먼|안토니오 반데라스|게리 올드만|프랭크 그릴로|톰 호퍼|리차드 E. 그랜트|캐롤라인 구덜|가브리엘라 라이트|","https://movie-phinf.pstatic.net/20210624_286/1624496856988kAD9f_JPEG/movie_image.jpg?type=m77_110_2","https://movie-phinf.pstatic.net/20210521_122/1621559680364irlWC_JPEG/movie_image.jpg?type=m665_443_2|https://movie-phinf.pstatic.net/20210628_225/1624861139776gkIkj_JPEG/movie_image.jpg?type=m665_443_2|https://movie-phinf.pstatic.net/20210521_251/1621559717699O8ehU_JPEG/movie_image.jpg?type=m665_443_2|https://movie-phinf.pstatic.net/20210521_9/1621559798376d9BR8_JPEG/movie_image.jpg?type=m665_443_2|https://movie-phinf.pstatic.net/20210628_82/1624861234426nC9Ez_JPEG/movie_image.jpg?type=m665_443_2|https://movie-phinf.pstatic.net/20210628_179/1624861166778Uqcdh_JPEG/movie_image.jpg?type=m665_443_2|https://movie-phinf.pstatic.net/20210521_153/1621559814937p6Yxs_JPEG/movie_image.jpg?type=m665_443_2|https://movie-phinf.pstatic.net/20210628_16/1624861181637gV24q_JPEG/movie_image.jpg?type=m665_443_2|"
"167569","더 수어사이드 스쿼드","The Suicide Squad , 2021","8.02점","액션|모험|판타지|미스터리|SF|","미국|","132분","2021.08.04개봉","살고 싶다면 무조건 성공시켜라! 최강 우주 빌런에 맞선, 자살특공대에게 맡겨진 ‘더’ 대책 없는 작전. 팀플레이가 ‘더’ 불가능한 최악의 안티히어로들. 최고의 팀워크를 기대한다면 “죽.는.다!”","청소년 관람불가","제임스 건","마고 로비|이드리스 엘바|존 시나|조엘 킨나만|실베스터 스탤론|비올라 데이비스|다니엘라 멜키오르|데이빗 다스트말치안|제이 코트니|프레디 스트로마|미카엘라 후버|피터 카팔디|마이클 루커|숀 건|피트 데이비슨|나단 필리온|메이링 응|플룰라 보그|조아킨 코시오|앨리스 브라가|후안 디에고 보토|스톰 레이드|스티브 에이지|제니퍼 홀랜드|타이카 와이티티|","https://movie-phinf.pstatic.net/20210728_221/1627440327667GyoYj_JPEG/movie_image.jpg?type=m77_110_2","https://movie-phinf.pstatic.net/20210712_141/1626066641578xgDYR_JPEG/movie_image.jpg?type=m665_443_2|https://movie-phinf.pstatic.net/20210712_150/1626066667674S94nc_JPEG/movie_image.jpg?type=m665_443_2|https://movie-phinf.pstatic.net/20210712_139/1626066680212YQWK5_JPEG/movie_image.jpg?type=m665_443_2|https://movie-phinf.pstatic.net/20210712_119/1626066693681g1Vdz_JPEG/movie_image.jpg?type=m665_443_2|https://movie-phinf.pstatic.net/20210712_55/1626066708092fdMIl_JPEG/movie_image.jpg?type=m665_443_2|https://movie-phinf.pstatic.net/20210712_130/1626066727556ySGH2_JPEG/movie_image.jpg?type=m665_443_2|https://movie-phinf.pstatic.net/20210712_69/1626066829062tMhSv_JPEG/movie_image.jpg?type=m665_443_2|https://movie-phinf.pstatic.net/20210712_217/1626066843169Qi3aQ_JPEG/movie_image.jpg?type=m665_443_2|"
"193966","레미니센스","Reminiscence , 2021","6.05점","SF|미스터리|멜로/로맨스|","미국|","115분","2021.08.25개봉","해수면의 상승으로 도시의 절반이 바다에 잠긴 가까운 미래. 사람들의 머릿속을 엿보는 탐정 닉은 고객들이 잃어버린 기억에 다가가게 도와주며 위험하지만 매혹적인 세계인 과거 속을 항해한다. 단조롭던 닉의 인생은 잃어버린 귀걸이를 찾으려는 새로운 고객 메이의 등장으로 영원히 바뀌게 된다. 닉은 메이와 운명처럼 사랑에 빠지지만, 어느 날 메이는 흔적도 없이 사라져 버린다. 메이의 실종에 대한 진실을 찾고자 분투하던 닉은 숨겨진 잔혹한 음모를 밝혀내고, 결국 이 질문에 대해 대답을 해야만 하는데…. “사랑하는 이를 곁에 두기 위해, 당신은 무엇까지 할 수 있는가?”","12세 관람가","리사 조이","휴 잭맨|레베카 퍼거슨|탠디 뉴튼|안젤라 사라피언|나탈리 마르티네즈|클리프 커티스|","https://movie-phinf.pstatic.net/20210804_250/1628065435107dcu90_JPEG/movie_image.jpg?type=m77_110_2","https://movie-phinf.pstatic.net/20210729_68/1627520244444ig3yT_JPEG/movie_image.jpg?type=m665_443_2|https://movie-phinf.pstatic.net/20210729_49/16275203381981KG3P_JPEG/movie_image.jpg?type=m665_443_2|https://movie-phinf.pstatic.net/20210729_299/1627520369543lbdxV_JPEG/movie_image.jpg?type=m665_443_2|https://movie-phinf.pstatic.net/20210811_182/1628657101977UV2so_JPEG/movie_image.jpg?type=m665_443_2|https://movie-phinf.pstatic.net/20210811_260/1628657358692FVh2d_JPEG/movie_image.jpg?type=m665_443_2|https://movie-phinf.pstatic.net/20210819_159/1629335575733U861X_JPEG/movie_image.jpg?type=m665_443_2|https://movie-phinf.pstatic.net/20210819_222/1629335604364scFn1_JPEG/movie_image.jpg?type=m665_443_2|https://movie-phinf.pstatic.net/20210823_139/1629680717191vqRBc_JPEG/movie_image.jpg?type=m665_443_2|"
"155256","악녀","The Villainess , 2017","7.82점","액션|","한국|","123분","2017.06.08개봉","어린 시절부터 킬러로 길러진 숙희. 그녀는 국가 비밀조직에 스카우트되어 새로운 삶을 살 기회를 얻는다. “10년만 일해주면 넌 자유야. 하지만 가짜처럼 보이는 순간, 그땐 우리가 널 제거한다” 살기 위해 죽여야만 하는 킬러 숙희 앞에 진실을 숨긴 의문의 두 남자가 등장하고, 자신을 둘러싼 엄청난 비밀에 마주하게 되면서 운명에 맞서기 시작하는데... ""보여줄게, 내가 어떻게 만들어졌는지""","청소년 관람불가","정병길","김옥빈|신하균|성준|김서형|조은지|이승주|손민지|민예지|김연우|","https://movie-phinf.pstatic.net/20170510_67/1494379581052e3Eqd_JPEG/movie_image.jpg?type=m77_110_2","https://movie-phinf.pstatic.net/20170427_101/14932613932323NHRw_JPEG/movie_image.jpg?type=m665_443_2|https://movie-phinf.pstatic.net/20170427_181/1493261393532cprjK_JPEG/movie_image.jpg?type=m665_443_2|https://movie-phinf.pstatic.net/20170427_114/14932613938309vvqh_JPEG/movie_image.jpg?type=m665_443_2|https://movie-phinf.pstatic.net/20170427_170/14932613939759siQI_JPEG/movie_image.jpg?type=m665_443_2|https://movie-phinf.pstatic.net/20170427_298/1493261394270OBHP8_JPEG/movie_image.jpg?type=m665_443_2|https://movie-phinf.pstatic.net/20170427_47/14932613944998TYYB_JPEG/movie_image.jpg?type=m665_443_2|https://movie-phinf.pstatic.net/20170427_15/1493261394744kiBwu_JPEG/movie_image.jpg?type=m665_443_2|https://movie-phinf.pstatic.net/20170427_30/1493261394990Q7sJJ_JPEG/movie_image.jpg?type=m665_443_2|"
"188472","싱크홀","SINKHOLE , 2021","7.65점","드라마|","한국|","113분","2021.08.11개봉","서울 입성과 함께 내 집 마련의 꿈을 이룬 가장 ‘동원(김성균)’ 이사 첫날부터 프로 참견러 ‘만수’(차승원)와 사사건건 부딪힌다. ‘동원’은 자가취득을 기념하며 직장 동료들을 집들이에 초대하지만 행복한 단꿈도 잠시, 순식간에 빌라 전체가 땅 속으로 떨어지고 만다. 마주치기만 하면 투닥거리는 빌라 주민 ‘만수’와 ‘동원’ ‘동원’의 집들이에 왔던 ‘김대리’(이광수)와 인턴사원 ‘은주’(김혜준)까지! 지하 500m 싱크홀 속으로 떨어진 이들은 과연 무사히 빠져나갈 수 있을까? “한 500m 정도는 떨어진 것 같아” “우리… 나갈 수 있을까요?”","12세 관람가","김지훈","차승원|김성균|이광수|김혜준|남다름|김홍파|고창석|권소현|이학주|김재화|한태린|","https://movie-phinf.pstatic.net/20210726_114/1627265960693kkM0B_JPEG/movie_image.jpg?type=m77_110_2","https://movie-phinf.pstatic.net/20210628_87/1624846584452Aqqhj_JPEG/movie_image.jpg?type=m665_443_2|https://movie-phinf.pstatic.net/20210628_12/1624846605008zbrvN_JPEG/movie_image.jpg?type=m665_443_2|https://movie-phinf.pstatic.net/20210628_147/1624846619391Jy2XG_JPEG/movie_image.jpg?type=m665_443_2|https://movie-phinf.pstatic.net/20210628_58/162484663287466CNK_JPEG/movie_image.jpg?type=m665_443_2|https://movie-phinf.pstatic.net/20210628_285/1624846647124Y0m3X_JPEG/movie_image.jpg?type=m665_443_2|https://movie-phinf.pstatic.net/20210628_188/1624846661254zBsEQ_JPEG/movie_image.jpg?type=m665_443_2|https://movie-phinf.pstatic.net/20210719_198/1626657554600XNhRn_JPEG/movie_image.jpg?type=m665_443_2|https://movie-phinf.pstatic.net/20210628_253/1624846677014zaqEz_JPEG/movie_image.jpg?type=m665_443_2|"
"200065","올드","Old , 2021","7.19점","스릴러|공포|","미국|","108분","2021.08.18개봉","아침에는 아이 오후에는 어른 저녁에는 노인 죽음은 시간의 문제다","12세 관람가","M. 나이트 샤말란","가엘 가르시아 베르날|빅키 크리엡스|토마신 맥켄지|알렉스 울프|루퍼스 스웰|엘리자 스캔런|켄 렁|애비 리|엠베스 데이비츠|","https://movie-phinf.pstatic.net/20210728_151/1627456000405n3Uga_JPEG/movie_image.jpg?type=m77_110_2","https://movie-phinf.pstatic.net/20210726_224/1627264521831dXBre_JPEG/movie_image.jpg?type=m665_443_2|https://movie-phinf.pstatic.net/20210726_246/16272645525530mj6M_JPEG/movie_image.jpg?type=m665_443_2|https://movie-phinf.pstatic.net/20210726_44/1627264572600pfbWT_JPEG/movie_image.jpg?type=m665_443_2|https://movie-phinf.pstatic.net/20210726_267/1627264587218JShtL_JPEG/movie_image.jpg?type=m665_443_2|https://movie-phinf.pstatic.net/20210726_45/1627264607672wsWHQ_JPEG/movie_image.jpg?type=m665_443_2|https://movie-phinf.pstatic.net/20210726_135/1627264621374hCIND_JPEG/movie_image.jpg?type=m665_443_2|https://movie-phinf.pstatic.net/20210726_113/1627264649509JcmzS_JPEG/movie_image.jpg?type=m665_443_2|https://movie-phinf.pstatic.net/20210726_34/1627264662966Pa4IT_JPEG/movie_image.jpg?type=m665_443_2|"
"177508","강변호텔","Hotel by the River , 2018","7.70점","드라마|","한국|","95분","2019.03.27개봉","강변의 호텔에 공짜로 묵고 있는 시인이 오랫동안 안 본 두 아들을 부른다. 아무 이유없이 죽을 거 같다는 느낌이 들어서 부른 거다. 한 젊은 여자가 같이 살던 남자에게 배신을 당한 후 강변의 호텔에 방을 잡았다. 위로를 받으려 선배 언니를 부른다. 다들 사는 게 힘들다. 그 강변의 호텔에서 하루는 하루가 다인 양 하루 안에서 계속 시작하고 있고, 사람들은 서로를 바라만 보고 있다.","15세 관람가","홍상수","기주봉|김민희|송선미|권해효|유준상|","https://movie-phinf.pstatic.net/20190311_275/1552271087457xO2XV_JPEG/movie_image.jpg?type=m77_110_2","https://movie-phinf.pstatic.net/20190319_134/1552957654649jczIH_JPEG/movie_image.jpg?type=m665_443_2|https://movie-phinf.pstatic.net/20190319_289/15529576551060Eq4W_JPEG/movie_image.jpg?type=m665_443_2|https://movie-phinf.pstatic.net/20190319_64/1552957655583bE9bH_JPEG/movie_image.jpg?type=m665_443_2|https://movie-phinf.pstatic.net/20190319_74/1552957656056OuDOY_JPEG/movie_image.jpg?type=m665_443_2|https://movie-phinf.pstatic.net/20190319_43/1552957656456vngEN_JPEG/movie_image.jpg?type=m665_443_2|https://movie-phinf.pstatic.net/20190319_225/1552957656850Mwud4_JPEG/movie_image.jpg?type=m665_443_2|https://movie-phinf.pstatic.net/20190319_234/1552957657289aJzUO_JPEG/movie_image.jpg?type=m665_443_2|https://movie-phinf.pstatic.net/20190311_275/1552271087457xO2XV_JPEG/movie_image.jpg?type=m665_443_2|"
"174808","사냥의 시간","Time to Hunt , 2020","","스릴러|","한국|","134분","2020.04.23개봉","희망 없는 도시, 감옥에서 출소한 ‘준석’(이제훈)은 가족 같은 친구들 ‘장호’(안재홍)와 ‘기훈’(최우식) 그리고 ‘상수’(박정민)와 함께 새로운 인생을 위한 위험한 작전을 계획한다. 하지만 미래를 향한 부푼 기대도 잠시, 정체불명의 추격자가 나타나 목숨을 노리며 이들을 뒤쫓기 시작한다. 서로가 세상의 전부인 네 친구들은 놈의 사냥에서 벗어날 수 있을까? 심장을 조여오는 지옥 같은 사냥의 시간이 시작된다","15세 관람가","윤성현","이제훈|안재홍|최우식|박정민|박해수|이항나|승의열|송요셉|배제기|","https://movie-phinf.pstatic.net/20200420_195/1587346679940TssWn_JPEG/movie_image.jpg?type=m77_110_2","https://movie-phinf.pstatic.net/20200116_96/1579151199174VHboC_JPEG/movie_image.jpg?type=m665_443_2|https://movie-phinf.pstatic.net/20200116_6/1579136504273sqkgW_JPEG/movie_image.jpg?type=m665_443_2|https://movie-phinf.pstatic.net/20200109_59/1578531171201rlaB1_JPEG/movie_image.jpg?type=m665_443_2|https://movie-phinf.pstatic.net/20200116_49/15791365047352fSCq_JPEG/movie_image.jpg?type=m665_443_2|https://movie-phinf.pstatic.net/20200116_263/1579136505204hKIUi_JPEG/movie_image.jpg?type=m665_443_2|https://movie-phinf.pstatic.net/20200116_286/1579136505691nRjLA_JPEG/movie_image.jpg?type=m665_443_2|https://movie-phinf.pstatic.net/20200116_153/1579136506089psjTc_JPEG/movie_image.jpg?type=m665_443_2|https://movie-phinf.pstatic.net/20200116_94/1579154834414WujF6_JPEG/movie_image.jpg?type=m665_443_2|"
"204496","랑종","The Medium , 2021","6.74점","공포|스릴러|드라마|","한국|태국|","131분","2021.07.14개봉","태국 북동부 ‘이산’ 지역 낯선 시골 마을. 집 안, 숲, 산, 나무, 논밭까지, 이 곳의 사람들은 모든 것에 혼이 깃들어 있다고 믿는다. 가문의 대를 이어 조상신 ‘바얀 신’을 모시는 랑종(무당) ‘님’은 조카 ‘밍’의 상태가 심상치 않음을 직감한다. 날이 갈수록 이상 증세가 점점 심각해지는 ‘밍’. 무당을 취재하기 위해 ‘님’과 동행했던 촬영팀은 신내림이 대물림되는 순간을 포착하기 위해 ‘밍’과 ‘님’, 그리고 가족에게 벌어지는 미스터리한 현상을 카메라에 담기 시작한다. 신내림이 대물림되는 무당 가문 피에 관한 세 달간의 기록","청소년 관람불가","반종 피산다나쿤","나릴야 군몽콘켓|싸와니 우툼마|씨라니 얀키띠칸|야사카 차이쏜|","https://movie-phinf.pstatic.net/20210630_28/1625030138001Xq38w_JPEG/movie_image.jpg?type=m77_110_2","https://movie-phinf.pstatic.net/20210603_103/1622702235887zYKGQ_JPEG/movie_image.jpg?type=m665_443_2|https://movie-phinf.pstatic.net/20210608_244/1623118702891MXG0B_JPEG/movie_image.jpg?type=m665_443_2|https://movie-phinf.pstatic.net/20210617_32/1623893046682hneGT_JPEG/movie_image.jpg?type=m665_443_2|https://movie-phinf.pstatic.net/20210617_144/1623893077377M5Ok4_JPEG/movie_image.jpg?type=m665_443_2|https://movie-phinf.pstatic.net/20210617_236/1623893118548H7ERt_JPEG/movie_image.jpg?type=m665_443_2|https://movie-phinf.pstatic.net/20210617_191/1623893134850WpaoP_JPEG/movie_image.jpg?type=m665_443_2|https://movie-phinf.pstatic.net/20210617_224/162389317476375cNu_JPEG/movie_image.jpg?type=m665_443_2|https://movie-phinf.pstatic.net/20210617_275/1623893212417ybFhb_JPEG/movie_image.jpg?type=m665_443_2|"
"206168","귀문","GUIMOON: The Lightless Door , 2021","7.88점","공포|미스터리|","한국|","85분","2021.08.25개봉","1990년, 귀사리의 한 수련원에서 건물 관리인이 투숙객들을 살해하고 자살하는 사건이 발생한다. 그 사건으로 귀사리 폐수련원에는 이승과 저승, 과거와 현재가 공존하는 초공간이 생기고 희생자들은 지박령이 되어 그곳에 갇힌다. 2002년, 심령연구소 소장 ‘도진’은 집단 살해사건의 원혼들을 달래려다 의문의 죽음을 당한 어머니에 대한 비밀을 파헤치기 위해 귀사리 폐수련원을 찾는다. 귀문을 통해 1990년의 초공간으로 들어간 '도진'은 지박령들을 쫓던 중 1996년 호러 공모전 영상 촬영을 위해 귀사리 폐수련원에 들어온 대학생 3인방과 조우하게 되는데... 들어온 자, 나갈 수 없다! 감당할 수 있다면 ‘귀문’을 열어라!","15세 관람가","심덕근","김강우|김소혜|이정형|홍진기|엄채영|장재호|송지현|이화영|","https://movie-phinf.pstatic.net/20210825_128/1629860400954Ww13k_JPEG/movie_image.jpg?type=m77_110_2","https://movie-phinf.pstatic.net/20210721_83/162683115058046uoH_JPEG/movie_image.jpg?type=m665_443_2|https://movie-phinf.pstatic.net/20210721_241/1626831175439V9nQC_JPEG/movie_image.jpg?type=m665_443_2|https://movie-phinf.pstatic.net/20210721_156/1626831188827oFaEp_JPEG/movie_image.jpg?type=m665_443_2|https://movie-phinf.pstatic.net/20210721_250/1626831201754e83Ye_JPEG/movie_image.jpg?type=m665_443_2|https://movie-phinf.pstatic.net/20210721_177/1626831216425bBr0w_JPEG/movie_image.jpg?type=m665_443_2|https://movie-phinf.pstatic.net/20210721_126/1626831239777NrizS_JPEG/movie_image.jpg?type=m665_443_2|https://movie-phinf.pstatic.net/20210707_262/162562009609954mdT_JPEG/movie_image.jpg?type=m665_443_2|https://movie-phinf.pstatic.net/20210721_186/1626831266062233Yv_JPEG/movie_image.jpg?type=m665_443_2|"
